-- Adminer 4.6.2 MySQL dump

SET NAMES utf8;
SET time_zone = '+00:00';
SET foreign_key_checks = 0;
SET sql_mode = 'NO_AUTO_VALUE_ON_ZERO';

CREATE DATABASE `sms` /*!40100 DEFAULT CHARACTER SET latin1 */;
USE `sms`;

DROP TABLE IF EXISTS `action`;
CREATE TABLE `action` (
  `id` int(19) NOT NULL AUTO_INCREMENT,
  `name` varchar(200) NOT NULL,
  `label` varchar(200) NOT NULL,
  `relentity` varchar(100) NOT NULL,
  PRIMARY KEY (`id`,`name`)
) ENGINE=InnoDB DEFAULT CHARSET=latin1;

INSERT INTO `action` (`id`, `name`, `label`, `relentity`) VALUES
(1,	'view',	'View',	''),
(2,	'create',	'Create',	''),
(3,	'edit',	'Edit',	'All'),
(4,	'delete',	'Delete',	'All'),
(5,	'print',	'Print',	'All'),
(6,	'export',	'Export',	''),
(7,	'pdf',	'pdf',	''),
(8,	'clone',	'clone',	'');

DROP TABLE IF EXISTS `bill_payment`;
CREATE TABLE `bill_payment` (
  `id` int(11) NOT NULL AUTO_INCREMENT,
  `user_id` int(10) NOT NULL,
  `society_id` int(10) NOT NULL,
  `amount` varchar(100) NOT NULL,
  `transaction_type` varchar(100) NOT NULL,
  `bank_name` varchar(100) NOT NULL,
  `branch_name` varchar(100) NOT NULL,
  `branch` varchar(100) NOT NULL,
  `bank_acc_no` varchar(100) NOT NULL,
  `ifsc_code` varchar(100) NOT NULL,
  `transaction_ref_no` int(11) NOT NULL,
  `transaction_date` varchar(100) NOT NULL,
  `payment_remark` varchar(1000) NOT NULL,
  `admin_remark` varchar(1000) NOT NULL,
  `transaction_status` enum('pending','hold','success','rejected') NOT NULL,
  `is_approved` enum('Approved','Pending','Rejected') NOT NULL DEFAULT 'Pending',
  `updated_by` int(10) NOT NULL,
  `updated_at` timestamp NOT NULL DEFAULT '0000-00-00 00:00:00',
  `created_by` int(11) NOT NULL,
  `created_at` timestamp NOT NULL DEFAULT CURRENT_TIMESTAMP ON UPDATE CURRENT_TIMESTAMP,
  PRIMARY KEY (`id`)
) ENGINE=InnoDB DEFAULT CHARSET=latin1;


DROP TABLE IF EXISTS `city_master`;
CREATE TABLE `city_master` (
  `intCityId` int(11) unsigned NOT NULL AUTO_INCREMENT,
  `intCountryId` int(11) unsigned DEFAULT NULL COMMENT 'Ref Key "intCountryId" from country master table',
  `intStateId` int(11) unsigned DEFAULT NULL COMMENT 'Ref Key "intStateId" from state_master table',
  `stState` varchar(100) DEFAULT NULL,
  `stCity` varchar(100) DEFAULT NULL,
  PRIMARY KEY (`intCityId`),
  KEY `INDX_CITY_intCountryId` (`intCountryId`),
  KEY `INDX_CITY_intStateId` (`intStateId`),
  KEY `INDX_CITY_stCity` (`stCity`)
) ENGINE=InnoDB DEFAULT CHARSET=latin1;

INSERT INTO `city_master` (`intCityId`, `intCountryId`, `intStateId`, `stState`, `stCity`) VALUES
(1,	1,	1,	'Andaman and Nicobar Islands',	'Port Blair'),
(2,	1,	2,	'Andhra Pradesh',	'Adilabad'),
(3,	1,	2,	'Andhra Pradesh',	'Adoni'),
(4,	1,	2,	'Andhra Pradesh',	'Amadalavalasa'),
(5,	1,	2,	'Andhra Pradesh',	'Amalapuram'),
(6,	1,	2,	'Andhra Pradesh',	'Anakapalle'),
(7,	1,	2,	'Andhra Pradesh',	'Anantapur'),
(8,	1,	2,	'Andhra Pradesh',	'Badepalle'),
(9,	1,	2,	'Andhra Pradesh',	'Banganapalle'),
(10,	1,	2,	'Andhra Pradesh',	'Bapatla'),
(11,	1,	2,	'Andhra Pradesh',	'Bellampalle'),
(12,	1,	1,	'Andhra Pradesh',	'Bethamcherla'),
(13,	1,	2,	'Andhra Pradesh',	'Bhadrachalam'),
(14,	1,	2,	'Andhra Pradesh',	'Bhainsa'),
(15,	1,	2,	'Andhra Pradesh',	'Bheemunipatnam'),
(16,	1,	2,	'Andhra Pradesh',	'Bhimavaram'),
(17,	1,	2,	'Andhra Pradesh',	'Bhongir'),
(18,	1,	2,	'Andhra Pradesh',	'Bobbili'),
(19,	1,	2,	'Andhra Pradesh',	'Bodhan'),
(20,	1,	2,	'Andhra Pradesh',	'Chapirevula'),
(21,	1,	2,	'Andhra Pradesh',	'Chilakaluripet'),
(22,	1,	2,	'Andhra Pradesh',	'Chirala'),
(23,	1,	2,	'Andhra Pradesh',	'Chittoor'),
(24,	1,	2,	'Andhra Pradesh',	'Cuddapah'),
(25,	1,	2,	'Andhra Pradesh',	'Devarakonda'),
(26,	1,	2,	'Andhra Pradesh',	'Dharmavaram'),
(27,	1,	2,	'Andhra Pradesh',	'Eluru'),
(28,	1,	2,	'Andhra Pradesh',	'Farooqnagar'),
(29,	1,	2,	'Andhra Pradesh',	'Gadwal'),
(30,	1,	2,	'Andhra Pradesh',	'Gooty'),
(31,	1,	2,	'Andhra Pradesh',	'Gudivada'),
(32,	1,	2,	'Andhra Pradesh',	'Gudur'),
(33,	1,	2,	'Andhra Pradesh',	'Guntakal'),
(34,	1,	2,	'Andhra Pradesh',	'Guntur'),
(35,	1,	2,	'Andhra Pradesh',	'Hanuman Junction'),
(36,	1,	2,	'Andhra Pradesh',	'Hindupur'),
(37,	1,	2,	'Andhra Pradesh',	'Hyderabad*'),
(38,	1,	2,	'Andhra Pradesh',	'Ichchapuram'),
(39,	1,	2,	'Andhra Pradesh',	'Jaggaiahpet'),
(40,	1,	2,	'Andhra Pradesh',	'Jagtial'),
(41,	1,	2,	'Andhra Pradesh',	'Jammalamadugu'),
(42,	1,	2,	'Andhra Pradesh',	'Jangaon'),
(43,	1,	2,	'Andhra Pradesh',	'Kadapa'),
(44,	1,	2,	'Andhra Pradesh',	'Kadiri'),
(45,	1,	2,	'Andhra Pradesh',	'Kagaznagar'),
(46,	1,	2,	'Andhra Pradesh',	'Kakinada'),
(47,	1,	2,	'Andhra Pradesh',	'Kalyandurg'),
(48,	1,	2,	'Andhra Pradesh',	'Kamareddy'),
(49,	1,	2,	'Andhra Pradesh',	'Kandukur'),
(50,	1,	2,	'Andhra Pradesh',	'Karimnagar'),
(51,	1,	2,	'Andhra Pradesh',	'Kavali'),
(52,	1,	2,	'Andhra Pradesh',	'Khammam'),
(53,	1,	2,	'Andhra Pradesh',	'Kodad'),
(54,	1,	2,	'Andhra Pradesh',	'Koratla'),
(55,	1,	2,	'Andhra Pradesh',	'Kothagudem'),
(56,	1,	2,	'Andhra Pradesh',	'Kothapeta'),
(57,	1,	2,	'Andhra Pradesh',	'Kovvur'),
(58,	1,	2,	'Andhra Pradesh',	'Kurnool'),
(59,	1,	2,	'Andhra Pradesh',	'Kyathampalle'),
(60,	1,	2,	'Andhra Pradesh',	'Macherla'),
(61,	1,	2,	'Andhra Pradesh',	'Machilipatnam'),
(62,	1,	2,	'Andhra Pradesh',	'Madanapalle'),
(63,	1,	2,	'Andhra Pradesh',	'Mahbubnagar'),
(64,	1,	2,	'Andhra Pradesh',	'Mancherial'),
(65,	1,	2,	'Andhra Pradesh',	'Mandamarri'),
(66,	1,	2,	'Andhra Pradesh',	'Mandapeta'),
(67,	1,	2,	'Andhra Pradesh',	'Mangalagiri'),
(68,	1,	2,	'Andhra Pradesh',	'Manuguru'),
(69,	1,	2,	'Andhra Pradesh',	'Markapur'),
(70,	1,	2,	'Andhra Pradesh',	'Medak'),
(71,	1,	2,	'Andhra Pradesh',	'Miryalaguda'),
(72,	1,	2,	'Andhra Pradesh',	'Mogalthur'),
(73,	1,	2,	'Andhra Pradesh',	'Nagari'),
(74,	1,	2,	'Andhra Pradesh',	'Nagarkurnool'),
(75,	1,	2,	'Andhra Pradesh',	'Nandyal'),
(76,	1,	2,	'Andhra Pradesh',	'Narasapur'),
(77,	1,	2,	'Andhra Pradesh',	'Narasaraopet'),
(78,	1,	2,	'Andhra Pradesh',	'Narayanpet'),
(79,	1,	2,	'Andhra Pradesh',	'Narsipatnam'),
(80,	1,	2,	'Andhra Pradesh',	'Nellore'),
(81,	1,	2,	'Andhra Pradesh',	'Nidadavole'),
(82,	1,	2,	'Andhra Pradesh',	'Nirmal'),
(83,	1,	2,	'Andhra Pradesh',	'Nizamabad'),
(84,	1,	2,	'Andhra Pradesh',	'Nuzvid'),
(85,	1,	2,	'Andhra Pradesh',	'Ongole'),
(86,	1,	2,	'Andhra Pradesh',	'Palacole'),
(87,	1,	2,	'Andhra Pradesh',	'Palasa Kasibugga'),
(88,	1,	2,	'Andhra Pradesh',	'Palwancha'),
(89,	1,	2,	'Andhra Pradesh',	'Parvathipuram'),
(90,	1,	2,	'Andhra Pradesh',	'Pedana'),
(91,	1,	2,	'Andhra Pradesh',	'Peddapuram'),
(92,	1,	2,	'Andhra Pradesh',	'Pithapuram'),
(93,	1,	2,	'Andhra Pradesh',	'Pondur'),
(94,	1,	2,	'Andhra Pradesh',	'Ponnur'),
(95,	1,	2,	'Andhra Pradesh',	'Proddatur'),
(96,	1,	2,	'Andhra Pradesh',	'Punganur'),
(97,	1,	2,	'Andhra Pradesh',	'Puttur'),
(98,	1,	2,	'Andhra Pradesh',	'Rajahmundry'),
(99,	1,	2,	'Andhra Pradesh',	'Rajam'),
(100,	1,	2,	'Andhra Pradesh',	'Rajampet'),
(101,	1,	2,	'Andhra Pradesh',	'Ramachandrapuram'),
(102,	1,	2,	'Andhra Pradesh',	'Ramagundam'),
(103,	1,	2,	'Andhra Pradesh',	'Rayachoti'),
(104,	1,	2,	'Andhra Pradesh',	'Rayadurg'),
(105,	1,	2,	'Andhra Pradesh',	'Renigunta'),
(106,	1,	2,	'Andhra Pradesh',	'Repalle'),
(107,	1,	2,	'Andhra Pradesh',	'Sadasivpet'),
(108,	1,	2,	'Andhra Pradesh',	'Salur'),
(109,	1,	2,	'Andhra Pradesh',	'Samalkot'),
(110,	1,	2,	'Andhra Pradesh',	'Sangareddy'),
(111,	1,	2,	'Andhra Pradesh',	'Sattenapalle'),
(112,	1,	2,	'Andhra Pradesh',	'Siddipet'),
(113,	1,	2,	'Andhra Pradesh',	'Singapur'),
(114,	1,	2,	'Andhra Pradesh',	'Sircilla'),
(115,	1,	2,	'Andhra Pradesh',	'Srikakulam'),
(116,	1,	2,	'Andhra Pradesh',	'Srikalahasti'),
(117,	1,	2,	'Andhra Pradesh',	'Srisailam Project (Right Flank Colony) Township'),
(118,	1,	2,	'Andhra Pradesh',	'Suryapet'),
(119,	1,	2,	'Andhra Pradesh',	'Tadepalligudem'),
(120,	1,	2,	'Andhra Pradesh',	'Tadpatri'),
(121,	1,	2,	'Andhra Pradesh',	'Tandur'),
(122,	1,	2,	'Andhra Pradesh',	'Tanuku'),
(123,	1,	2,	'Andhra Pradesh',	'Tenali'),
(124,	1,	2,	'Andhra Pradesh',	'Tirupati'),
(125,	1,	2,	'Andhra Pradesh',	'Tiruvuru'),
(126,	1,	2,	'Andhra Pradesh',	'Tuni'),
(127,	1,	2,	'Andhra Pradesh',	'Uravakonda'),
(128,	1,	2,	'Andhra Pradesh',	'Venkatagiri'),
(129,	1,	2,	'Andhra Pradesh',	'Vicarabad'),
(130,	1,	2,	'Andhra Pradesh',	'Vijayawada'),
(131,	1,	2,	'Andhra Pradesh',	'Vinukonda'),
(132,	1,	2,	'Andhra Pradesh',	'Visakhapatnam'),
(133,	1,	2,	'Andhra Pradesh',	'Vizianagaram'),
(134,	1,	2,	'Andhra Pradesh',	'Wanaparthy'),
(135,	1,	2,	'Andhra Pradesh',	'Warangal'),
(136,	1,	2,	'Andhra Pradesh',	'Yellandu'),
(137,	1,	2,	'Andhra Pradesh',	'Yemmiganur'),
(138,	1,	2,	'Andhra Pradesh',	'Yerraguntla'),
(139,	1,	2,	'Andhra Pradesh',	'Zahirabad'),
(140,	1,	3,	'Arunachal Pradesh',	'Along'),
(141,	1,	3,	'Arunachal Pradesh',	'Bomdila'),
(142,	1,	3,	'Arunachal Pradesh',	'Itanagar*'),
(143,	1,	3,	'Arunachal Pradesh',	'Naharlagun'),
(144,	1,	3,	'Arunachal Pradesh',	'Pasighat'),
(145,	1,	4,	'Assam',	'Abhayapuri'),
(146,	1,	4,	'Assam',	'Amguri'),
(147,	1,	4,	'Assam',	'Anandnagaar'),
(148,	1,	4,	'Assam',	'Barpeta'),
(149,	1,	4,	'Assam',	'Barpeta Road'),
(150,	1,	4,	'Assam',	'Bilasipara'),
(151,	1,	4,	'Assam',	'Bongaigaon'),
(152,	1,	4,	'Assam',	'Dhekiajuli'),
(153,	1,	4,	'Assam',	'Dhubri'),
(154,	1,	4,	'Assam',	'Dibrugarh'),
(155,	1,	4,	'Assam',	'Digboi'),
(156,	1,	4,	'Assam',	'Diphu'),
(157,	1,	4,	'Assam',	'Dispur*'),
(158,	1,	4,	'Assam',	'Duliajan Oil Town'),
(159,	1,	4,	'Assam',	'Gauripur'),
(160,	1,	4,	'Assam',	'Goalpara'),
(161,	1,	4,	'Assam',	'Golaghat'),
(162,	1,	4,	'Assam',	'Guwahati'),
(163,	1,	4,	'Assam',	'Haflong'),
(164,	1,	4,	'Assam',	'Hailakandi'),
(165,	1,	4,	'Assam',	'Hojai'),
(166,	1,	4,	'Assam',	'Jorhat'),
(167,	1,	4,	'Assam',	'Karimganj'),
(168,	1,	4,	'Assam',	'Kokrajhar'),
(169,	1,	4,	'Assam',	'Lanka'),
(170,	1,	4,	'Assam',	'Lumding'),
(171,	1,	4,	'Assam',	'Mangaldoi'),
(172,	1,	4,	'Assam',	'Mankachar'),
(173,	1,	4,	'Assam',	'Margherita'),
(174,	1,	4,	'Assam',	'Mariani'),
(175,	1,	4,	'Assam',	'Marigaon'),
(176,	1,	4,	'Assam',	'Nagaon'),
(177,	1,	4,	'Assam',	'Nalbari'),
(178,	1,	4,	'Assam',	'North Lakhimpur'),
(179,	1,	4,	'Assam',	'Rangia'),
(180,	1,	4,	'Assam',	'Sibsagar'),
(181,	1,	4,	'Assam',	'Silapathar'),
(182,	1,	4,	'Assam',	'Silchar'),
(183,	1,	4,	'Assam',	'Tezpur'),
(184,	1,	4,	'Assam',	'Tinsukia'),
(185,	1,	5,	'Bihar',	'Amarpur'),
(186,	1,	5,	'Bihar',	'Araria'),
(187,	1,	5,	'Bihar',	'Areraj'),
(188,	1,	5,	'Bihar',	'Arrah'),
(189,	1,	5,	'Bihar',	'Asarganj'),
(190,	1,	5,	'Bihar',	'Aurangabad'),
(191,	1,	5,	'Bihar',	'Bagaha'),
(192,	1,	5,	'Bihar',	'Bahadurganj'),
(193,	1,	5,	'Bihar',	'Bairgania'),
(194,	1,	5,	'Bihar',	'Bakhtiarpur'),
(195,	1,	5,	'Bihar',	'Banka'),
(196,	1,	5,	'Bihar',	'Banmankhi Bazar'),
(197,	1,	5,	'Bihar',	'Barahiya'),
(198,	1,	5,	'Bihar',	'Barauli'),
(199,	1,	5,	'Bihar',	'Barbigha'),
(200,	1,	5,	'Bihar',	'Barh'),
(201,	1,	5,	'Bihar',	'Begusarai'),
(202,	1,	5,	'Bihar',	'Behea'),
(203,	1,	5,	'Bihar',	'Bettiah'),
(204,	1,	5,	'Bihar',	'Bhabua'),
(205,	1,	5,	'Bihar',	'Bhagalpur'),
(206,	1,	5,	'Bihar',	'Bihar Sharif'),
(207,	1,	5,	'Bihar',	'Bikramganj'),
(208,	1,	5,	'Bihar',	'Bodh Gaya'),
(209,	1,	5,	'Bihar',	'Buxar'),
(210,	1,	5,	'Bihar',	'Chandan Bara'),
(211,	1,	5,	'Bihar',	'Chanpatia'),
(212,	1,	5,	'Bihar',	'Chhapra'),
(213,	1,	5,	'Bihar',	'Colgong'),
(214,	1,	5,	'Bihar',	'Dalsinghsarai'),
(215,	1,	5,	'Bihar',	'Darbhanga'),
(216,	1,	5,	'Bihar',	'Daudnagar'),
(217,	1,	5,	'Bihar',	'Dehri-on-Sone'),
(218,	1,	5,	'Bihar',	'Dhaka'),
(219,	1,	5,	'Bihar',	'Dighwara'),
(220,	1,	5,	'Bihar',	'Dumraon'),
(221,	1,	5,	'Bihar',	'Fatwah'),
(222,	1,	5,	'Bihar',	'Forbesganj'),
(223,	1,	5,	'Bihar',	'Gaya'),
(224,	1,	5,	'Bihar',	'Gogri Jamalpur'),
(225,	1,	5,	'Bihar',	'Gopalganj'),
(226,	1,	5,	'Bihar',	'Hajipur'),
(227,	1,	5,	'Bihar',	'Hilsa'),
(228,	1,	5,	'Bihar',	'Hisua'),
(229,	1,	5,	'Bihar',	'Islampur'),
(230,	1,	5,	'Bihar',	'Jagdispur'),
(231,	1,	5,	'Bihar',	'Jamalpur'),
(232,	1,	5,	'Bihar',	'Jamui'),
(233,	1,	5,	'Bihar',	'Jehanabad'),
(234,	1,	5,	'Bihar',	'Jhajha'),
(235,	1,	5,	'Bihar',	'Jhanjharpur'),
(236,	1,	5,	'Bihar',	'Jogabani'),
(237,	1,	5,	'Bihar',	'Kanti'),
(238,	1,	5,	'Bihar',	'Katihar'),
(239,	1,	5,	'Bihar',	'Khagaria'),
(240,	1,	5,	'Bihar',	'Kharagpur'),
(241,	1,	5,	'Bihar',	'Kishanganj'),
(242,	1,	5,	'Bihar',	'Lakhisarai'),
(243,	1,	5,	'Bihar',	'Lalganj'),
(244,	1,	5,	'Bihar',	'Madhepura'),
(245,	1,	5,	'Bihar',	'Madhubani'),
(246,	1,	5,	'Bihar',	'Maharajganj'),
(247,	1,	5,	'Bihar',	'Mahnar Bazar'),
(248,	1,	5,	'Bihar',	'Makhdumpur'),
(249,	1,	5,	'Bihar',	'Maner'),
(250,	1,	5,	'Bihar',	'Manihari'),
(251,	1,	5,	'Bihar',	'Marhaura'),
(252,	1,	5,	'Bihar',	'Masaurhi'),
(253,	1,	5,	'Bihar',	'Mirganj'),
(254,	1,	5,	'Bihar',	'Mohania'),
(255,	1,	5,	'Bihar',	'Mokama'),
(256,	1,	5,	'Bihar',	'Mokameh'),
(257,	1,	5,	'Bihar',	'Motihari'),
(258,	1,	5,	'Bihar',	'Motipur'),
(259,	1,	5,	'Bihar',	'Munger'),
(260,	1,	5,	'Bihar',	'Murliganj'),
(261,	1,	5,	'Bihar',	'Muzaffarpur'),
(262,	1,	5,	'Bihar',	'Narkatiaganj'),
(263,	1,	5,	'Bihar',	'Naugachhia'),
(264,	1,	5,	'Bihar',	'Nawada'),
(265,	1,	5,	'Bihar',	'Nokha'),
(266,	1,	5,	'Bihar',	'Patna*'),
(267,	1,	5,	'Bihar',	'Piro'),
(268,	1,	5,	'Bihar',	'Purnia'),
(269,	1,	5,	'Bihar',	'Rafiganj'),
(270,	1,	5,	'Bihar',	'Rajgir'),
(271,	1,	5,	'Bihar',	'Ramnagar'),
(272,	1,	5,	'Bihar',	'Raxaul Bazar'),
(273,	1,	5,	'Bihar',	'Revelganj'),
(274,	1,	5,	'Bihar',	'Rosera'),
(275,	1,	5,	'Bihar',	'Saharsa'),
(276,	1,	5,	'Bihar',	'Samastipur'),
(277,	1,	5,	'Bihar',	'Sasaram'),
(278,	1,	5,	'Bihar',	'Sheikhpura'),
(279,	1,	5,	'Bihar',	'Sheohar'),
(280,	1,	5,	'Bihar',	'Sherghati'),
(281,	1,	5,	'Bihar',	'Silao'),
(282,	1,	5,	'Bihar',	'Sitamarhi'),
(283,	1,	5,	'Bihar',	'Siwan'),
(284,	1,	5,	'Bihar',	'Sonepur'),
(285,	1,	5,	'Bihar',	'Sugauli'),
(286,	1,	5,	'Bihar',	'Sultanganj'),
(287,	1,	5,	'Bihar',	'Supaul'),
(288,	1,	5,	'Bihar',	'Warisaliganj'),
(289,	1,	6,	'Chandigarh',	'Chandigarh*'),
(290,	1,	7,	'Chhattisgarh',	'Ahiwara'),
(291,	1,	7,	'Chhattisgarh',	'Akaltara'),
(292,	1,	7,	'Chhattisgarh',	'Ambagarh Chowki'),
(293,	1,	7,	'Chhattisgarh',	'Ambikapur'),
(294,	1,	7,	'Chhattisgarh',	'Arang'),
(295,	1,	7,	'Chhattisgarh',	'Bade Bacheli'),
(296,	1,	7,	'Chhattisgarh',	'Balod'),
(297,	1,	7,	'Chhattisgarh',	'Baloda Bazar'),
(298,	1,	7,	'Chhattisgarh',	'Basna'),
(299,	1,	7,	'Chhattisgarh',	'Bemetra'),
(300,	1,	7,	'Chhattisgarh',	'Bhatapara'),
(301,	1,	7,	'Chhattisgarh',	'Bhilai'),
(302,	1,	7,	'Chhattisgarh',	'Bilaspur'),
(303,	1,	7,	'Chhattisgarh',	'Birgaon'),
(304,	1,	7,	'Chhattisgarh',	'Champa'),
(305,	1,	7,	'Chhattisgarh',	'Chirmiri'),
(306,	1,	7,	'Chhattisgarh',	'Dalli-Rajhara'),
(307,	1,	7,	'Chhattisgarh',	'Dhamtari'),
(308,	1,	7,	'Chhattisgarh',	'Dipka'),
(309,	1,	7,	'Chhattisgarh',	'Dongargarh'),
(310,	1,	7,	'Chhattisgarh',	'Durg-Bhilai Nagar'),
(311,	1,	7,	'Chhattisgarh',	'Gobranawapara'),
(312,	1,	7,	'Chhattisgarh',	'Jagdalpur'),
(313,	1,	7,	'Chhattisgarh',	'Janjgir'),
(314,	1,	7,	'Chhattisgarh',	'Jashpurnagar'),
(315,	1,	7,	'Chhattisgarh',	'Kanker'),
(316,	1,	7,	'Chhattisgarh',	'Kawardha'),
(317,	1,	7,	'Chhattisgarh',	'Kondagaon'),
(318,	1,	7,	'Chhattisgarh',	'Korba'),
(319,	1,	7,	'Chhattisgarh',	'Mahasamund'),
(320,	1,	7,	'Chhattisgarh',	'Mahendragarh'),
(321,	1,	7,	'Chhattisgarh',	'Mungeli'),
(322,	1,	7,	'Chhattisgarh',	'Naila Janjgir'),
(323,	1,	7,	'Chhattisgarh',	'Raigarh'),
(324,	1,	7,	'Chhattisgarh',	'Raipur*'),
(325,	1,	7,	'Chhattisgarh',	'Rajnandgaon'),
(326,	1,	7,	'Chhattisgarh',	'Sakti'),
(327,	1,	7,	'Chhattisgarh',	'Tilda Newra'),
(328,	1,	8,	'Dadra and Nagar Haveli',	'Amli'),
(329,	1,	8,	'Dadra and Nagar Haveli',	'Silvassa*'),
(330,	1,	9,	'Daman and Diu',	'Daman and Diu'),
(331,	1,	10,	'Delhi',	'Asola'),
(332,	1,	10,	'Delhi',	'Bhajanpura'),
(333,	1,	10,	'Delhi',	'Delhi'),
(334,	1,	10,	'Delhi',	'New Delhi*'),
(335,	1,	11,	'Goa',	'Aldona'),
(336,	1,	11,	'Goa',	'Curchorem Cacora'),
(337,	1,	11,	'Goa',	'Goa Velha'),
(338,	1,	11,	'Goa',	'Madgaon'),
(339,	1,	11,	'Goa',	'Mapusa'),
(340,	1,	11,	'Goa',	'Margao'),
(341,	1,	11,	'Goa',	'Marmagao'),
(342,	1,	11,	'Goa',	'Panaji*'),
(343,	1,	12,	'Gujarat',	'Ahmedabad'),
(344,	1,	12,	'Gujarat',	'Amreli'),
(345,	1,	12,	'Gujarat',	'Anand'),
(346,	1,	12,	'Gujarat',	'Ankleshwar'),
(347,	1,	12,	'Gujarat',	'Bharuch'),
(348,	1,	12,	'Gujarat',	'Bhavnagar'),
(349,	1,	12,	'Gujarat',	'Bhuj'),
(350,	1,	12,	'Gujarat',	'Cambay'),
(351,	1,	12,	'Gujarat',	'Dahod'),
(352,	1,	12,	'Gujarat',	'Deesa'),
(353,	1,	12,	'Gujarat',	'Dehgam'),
(354,	1,	12,	'Gujarat',	'Dharampur'),
(355,	1,	12,	'Gujarat',	'Dholka'),
(356,	1,	12,	'Gujarat',	'Dwarka'),
(357,	1,	12,	'Gujarat',	'Gandhidham'),
(358,	1,	12,	'Gujarat',	'Gandhinagar*'),
(359,	1,	12,	'Gujarat',	'Godhra'),
(360,	1,	12,	'Gujarat',	'Himatnagar'),
(361,	1,	12,	'Gujarat',	'Idar'),
(362,	1,	12,	'Gujarat',	'Jamnagar'),
(363,	1,	12,	'Gujarat',	'Junagadh'),
(364,	1,	12,	'Gujarat',	'Kadi'),
(365,	1,	12,	'Gujarat',	'Kalavad'),
(366,	1,	12,	'Gujarat',	'Kalol'),
(367,	1,	12,	'Gujarat',	'Kapadvanj'),
(368,	1,	12,	'Gujarat',	'Karjan'),
(369,	1,	12,	'Gujarat',	'Keshod'),
(370,	1,	12,	'Gujarat',	'Khambhalia'),
(371,	1,	12,	'Gujarat',	'Khambhat'),
(372,	1,	12,	'Gujarat',	'Kheda'),
(373,	1,	12,	'Gujarat',	'Khedbrahma'),
(374,	1,	12,	'Gujarat',	'Kheralu'),
(375,	1,	12,	'Gujarat',	'Kodinar'),
(376,	1,	12,	'Gujarat',	'Lathi'),
(377,	1,	12,	'Gujarat',	'Limbdi'),
(378,	1,	12,	'Gujarat',	'Lunawada'),
(379,	1,	12,	'Gujarat',	'Mahesana'),
(380,	1,	12,	'Gujarat',	'Mahuva'),
(381,	1,	12,	'Gujarat',	'Manavadar'),
(382,	1,	12,	'Gujarat',	'Mandvi'),
(383,	1,	12,	'Gujarat',	'Mangrol'),
(384,	1,	12,	'Gujarat',	'Mansa'),
(385,	1,	12,	'Gujarat',	'Mehmedabad'),
(386,	1,	12,	'Gujarat',	'Mithapur'),
(387,	1,	12,	'Gujarat',	'Modasa'),
(388,	1,	12,	'Gujarat',	'Morvi'),
(389,	1,	12,	'Gujarat',	'Nadiad'),
(390,	1,	12,	'Gujarat',	'Navsari'),
(391,	1,	12,	'Gujarat',	'Padra'),
(392,	1,	12,	'Gujarat',	'Palanpur'),
(393,	1,	12,	'Gujarat',	'Palitana'),
(394,	1,	12,	'Gujarat',	'Pardi'),
(395,	1,	12,	'Gujarat',	'Patan'),
(396,	1,	12,	'Gujarat',	'Petlad'),
(397,	1,	12,	'Gujarat',	'Porbandar'),
(398,	1,	12,	'Gujarat',	'Radhanpur'),
(399,	1,	12,	'Gujarat',	'Rajkot'),
(400,	1,	12,	'Gujarat',	'Rajpipla'),
(401,	1,	12,	'Gujarat',	'Rajula'),
(402,	1,	12,	'Gujarat',	'Ranavav'),
(403,	1,	12,	'Gujarat',	'Rapar'),
(404,	1,	12,	'Gujarat',	'Salaya'),
(405,	1,	12,	'Gujarat',	'Sanand'),
(406,	1,	12,	'Gujarat',	'Savarkundla'),
(407,	1,	12,	'Gujarat',	'Sidhpur'),
(408,	1,	12,	'Gujarat',	'Sihor'),
(409,	1,	12,	'Gujarat',	'Songadh'),
(410,	1,	12,	'Gujarat',	'Surat'),
(411,	1,	12,	'Gujarat',	'Talaja'),
(412,	1,	12,	'Gujarat',	'Thangadh'),
(413,	1,	12,	'Gujarat',	'Tharad'),
(414,	1,	12,	'Gujarat',	'Umbergaon'),
(415,	1,	12,	'Gujarat',	'Umreth'),
(416,	1,	12,	'Gujarat',	'Una'),
(417,	1,	12,	'Gujarat',	'Unjha'),
(418,	1,	12,	'Gujarat',	'Upleta'),
(419,	1,	12,	'Gujarat',	'Vadnagar'),
(420,	1,	12,	'Gujarat',	'Vadodara'),
(421,	1,	12,	'Gujarat',	'Valsad'),
(422,	1,	12,	'Gujarat',	'Vapi'),
(423,	1,	12,	'Gujarat',	'Vapi'),
(424,	1,	12,	'Gujarat',	'Veraval'),
(425,	1,	12,	'Gujarat',	'Vijapur'),
(426,	1,	12,	'Gujarat',	'Viramgam'),
(427,	1,	12,	'Gujarat',	'Visnagar'),
(428,	1,	12,	'Gujarat',	'Vyara'),
(429,	1,	12,	'Gujarat',	'Wadhwan'),
(430,	1,	12,	'Gujarat',	'Wankaner'),
(431,	1,	13,	'Gujrat',	'Adalaj'),
(432,	1,	13,	'Gujrat',	'Adityana'),
(433,	1,	13,	'Gujrat',	'Alang'),
(434,	1,	13,	'Gujrat',	'Ambaji'),
(435,	1,	13,	'Gujrat',	'Ambaliyasan'),
(436,	1,	13,	'Gujrat',	'Andada'),
(437,	1,	13,	'Gujrat',	'Anjar'),
(438,	1,	13,	'Gujrat',	'Anklav'),
(439,	1,	13,	'Gujrat',	'Antaliya'),
(440,	1,	13,	'Gujrat',	'Arambhada'),
(441,	1,	13,	'Gujrat',	'Atul'),
(442,	1,	14,	'Haryana',	'Asankhurd'),
(443,	1,	14,	'Haryana',	'Assandh'),
(444,	1,	14,	'Haryana',	'Ateli'),
(445,	1,	14,	'Haryana',	'Babiyal'),
(446,	1,	14,	'Haryana',	'Bahadurgarh'),
(447,	1,	14,	'Haryana',	'Ballabhgarh'),
(448,	1,	14,	'Haryana',	'Barwala'),
(449,	1,	14,	'Haryana',	'Bawal'),
(450,	1,	14,	'Haryana',	'Bhiwani'),
(451,	1,	14,	'Haryana',	'Charkhi Dadri'),
(452,	1,	14,	'Haryana',	'Cheeka'),
(453,	1,	14,	'Haryana',	'Ellenabad'),
(454,	1,	14,	'Haryana',	'Faridabad'),
(455,	1,	14,	'Haryana',	'Fatehabad'),
(456,	1,	14,	'Haryana',	'Ganaur'),
(457,	1,	14,	'Haryana',	'Gharaunda'),
(458,	1,	14,	'Haryana',	'Gohana'),
(459,	1,	14,	'Haryana',	'Gurgaon'),
(460,	1,	14,	'Haryana',	'Haibat(Yamuna Nagar)'),
(461,	1,	14,	'Haryana',	'Hansi'),
(462,	1,	14,	'Haryana',	'Hisar'),
(463,	1,	14,	'Haryana',	'Hodal'),
(464,	1,	14,	'Haryana',	'Jagadhri'),
(465,	1,	14,	'Haryana',	'Jhajjar'),
(466,	1,	14,	'Haryana',	'Jind'),
(467,	1,	14,	'Haryana',	'Kaithal'),
(468,	1,	14,	'Haryana',	'Kalan Wali'),
(469,	1,	14,	'Haryana',	'Kalka'),
(470,	1,	14,	'Haryana',	'Karnal'),
(471,	1,	14,	'Haryana',	'Ladwa'),
(472,	1,	14,	'Haryana',	'Mahendragarh'),
(473,	1,	14,	'Haryana',	'Mandi Dabwali'),
(474,	1,	14,	'Haryana',	'Manesar'),
(475,	1,	14,	'Haryana',	'Narnaul'),
(476,	1,	14,	'Haryana',	'Narwana'),
(477,	1,	14,	'Haryana',	'Palwal'),
(478,	1,	14,	'Haryana',	'Panchkula'),
(479,	1,	14,	'Haryana',	'Panipat'),
(480,	1,	14,	'Haryana',	'Pehowa'),
(481,	1,	14,	'Haryana',	'Pinjore'),
(482,	1,	14,	'Haryana',	'Rania'),
(483,	1,	14,	'Haryana',	'Ratia'),
(484,	1,	14,	'Haryana',	'Rewari'),
(485,	1,	14,	'Haryana',	'Rohtak'),
(486,	1,	14,	'Haryana',	'Safidon'),
(487,	1,	14,	'Haryana',	'Samalkha'),
(488,	1,	14,	'Haryana',	'Shahbad'),
(489,	1,	14,	'Haryana',	'Sirsa'),
(490,	1,	14,	'Haryana',	'Sohna'),
(491,	1,	14,	'Haryana',	'Sonipat'),
(492,	1,	14,	'Haryana',	'Taraori'),
(493,	1,	14,	'Haryana',	'Thanesar'),
(494,	1,	14,	'Haryana',	'Tohana'),
(495,	1,	14,	'Haryana',	'Yamunanagar'),
(496,	1,	15,	'Himachal Pradesh',	'Arki'),
(497,	1,	15,	'Himachal Pradesh',	'Baddi'),
(498,	1,	15,	'Himachal Pradesh',	'Bilaspur'),
(499,	1,	15,	'Himachal Pradesh',	'Chamba'),
(500,	1,	15,	'Himachal Pradesh',	'Dalhousie'),
(501,	1,	15,	'Himachal Pradesh',	'Dharamsala'),
(502,	1,	15,	'Himachal Pradesh',	'Hamirpur'),
(503,	1,	15,	'Himachal Pradesh',	'Keylong'),
(504,	1,	15,	'Himachal Pradesh',	'Mandi'),
(505,	1,	15,	'Himachal Pradesh',	'Nahan'),
(506,	1,	15,	'Himachal Pradesh',	'Shimla*'),
(507,	1,	15,	'Himachal Pradesh',	'Solan'),
(508,	1,	15,	'Himachal Pradesh',	'Sundarnagar'),
(509,	1,	16,	'Jammu and Kashmir',	'Achabbal'),
(510,	1,	16,	'Jammu and Kashmir',	'Akhnoor'),
(511,	1,	16,	'Jammu and Kashmir',	'Anantnag'),
(512,	1,	16,	'Jammu and Kashmir',	'Arnia'),
(513,	1,	16,	'Jammu and Kashmir',	'Awantipora'),
(514,	1,	16,	'Jammu and Kashmir',	'Bandipore'),
(515,	1,	16,	'Jammu and Kashmir',	'Baramula'),
(516,	1,	16,	'Jammu and Kashmir',	'Jammu'),
(517,	1,	16,	'Jammu and Kashmir',	'Kathua'),
(518,	1,	16,	'Jammu and Kashmir',	'Leh'),
(519,	1,	16,	'Jammu and Kashmir',	'Punch'),
(520,	1,	16,	'Jammu and Kashmir',	'Rajauri'),
(521,	1,	16,	'Jammu and Kashmir',	'Sopore'),
(522,	1,	16,	'Jammu and Kashmir',	'Srinagar*'),
(523,	1,	16,	'Jammu and Kashmir',	'Udhampur'),
(524,	1,	17,	'Jharkhand',	'Amlabad'),
(525,	1,	17,	'Jharkhand',	'Ara'),
(526,	1,	17,	'Jharkhand',	'Barughutu'),
(527,	1,	17,	'Jharkhand',	'Bokaro Steel City'),
(528,	1,	17,	'Jharkhand',	'Chaibasa'),
(529,	1,	17,	'Jharkhand',	'Chakradharpur'),
(530,	1,	17,	'Jharkhand',	'Chandil'),
(531,	1,	17,	'Jharkhand',	'Chandrapura'),
(532,	1,	17,	'Jharkhand',	'Chatra'),
(533,	1,	17,	'Jharkhand',	'Chirkunda'),
(534,	1,	17,	'Jharkhand',	'Churi'),
(535,	1,	17,	'Jharkhand',	'Daltonganj'),
(536,	1,	17,	'Jharkhand',	'Deoghar'),
(537,	1,	17,	'Jharkhand',	'Dhanbad'),
(538,	1,	17,	'Jharkhand',	'Dumka'),
(539,	1,	17,	'Jharkhand',	'Garhwa'),
(540,	1,	17,	'Jharkhand',	'Ghatshila'),
(541,	1,	17,	'Jharkhand',	'Giridih'),
(542,	1,	17,	'Jharkhand',	'Godda'),
(543,	1,	17,	'Jharkhand',	'Gomoh'),
(544,	1,	17,	'Jharkhand',	'Gumia'),
(545,	1,	17,	'Jharkhand',	'Gumla'),
(546,	1,	17,	'Jharkhand',	'Hazaribag'),
(547,	1,	17,	'Jharkhand',	'Hussainabad'),
(548,	1,	17,	'Jharkhand',	'Jamshedpur'),
(549,	1,	17,	'Jharkhand',	'Jamtara'),
(550,	1,	17,	'Jharkhand',	'Jhumri Tilaiya'),
(551,	1,	17,	'Jharkhand',	'Khunti'),
(552,	1,	17,	'Jharkhand',	'Lohardaga'),
(553,	1,	17,	'Jharkhand',	'Madhupur'),
(554,	1,	17,	'Jharkhand',	'Mihijam'),
(555,	1,	17,	'Jharkhand',	'Musabani'),
(556,	1,	17,	'Jharkhand',	'Pakaur'),
(557,	1,	17,	'Jharkhand',	'Patratu'),
(558,	1,	17,	'Jharkhand',	'Phusro'),
(559,	1,	17,	'Jharkhand',	'Ramngarh'),
(560,	1,	17,	'Jharkhand',	'Ranchi*'),
(561,	1,	17,	'Jharkhand',	'Sahibganj'),
(562,	1,	17,	'Jharkhand',	'Saunda'),
(563,	1,	17,	'Jharkhand',	'Simdega'),
(564,	1,	17,	'Jharkhand',	'Tenu Dam-cum- Kathhara'),
(565,	1,	18,	'Karnataka',	'Aalanavara'),
(566,	1,	18,	'Karnataka',	'Adyar'),
(567,	1,	18,	'Karnataka',	'Afzalpura'),
(568,	1,	18,	'Karnataka',	'Alandha'),
(569,	1,	18,	'Karnataka',	'Alur'),
(570,	1,	18,	'Karnataka',	'Ambikaanagara'),
(571,	1,	18,	'Karnataka',	'Anekal'),
(572,	1,	18,	'Karnataka',	'Ankola'),
(573,	1,	18,	'Karnataka',	'Annigeri'),
(574,	1,	18,	'Karnataka',	'Arkalgud'),
(575,	1,	18,	'Karnataka',	'Arsikere'),
(576,	1,	18,	'Karnataka',	'Athni'),
(577,	1,	18,	'Karnataka',	'Aurad'),
(578,	1,	18,	'Karnataka',	'Ballary'),
(579,	1,	18,	'Karnataka',	'Belgaum'),
(580,	1,	18,	'Karnataka',	'Bengaluru'),
(581,	1,	18,	'Karnataka',	'Bidar'),
(582,	1,	18,	'Karnataka',	'Chamarajanagara'),
(583,	1,	18,	'Karnataka',	'Chikkaballapura'),
(584,	1,	18,	'Karnataka',	'Chikkamagalur'),
(585,	1,	18,	'Karnataka',	'Chikkodi'),
(586,	1,	18,	'Karnataka',	'Chinthaamani'),
(587,	1,	18,	'Karnataka',	'Chitradurga'),
(588,	1,	18,	'Karnataka',	'Davanagere'),
(589,	1,	18,	'Karnataka',	'Dharwad'),
(590,	1,	18,	'Karnataka',	'Gadhaga'),
(591,	1,	18,	'Karnataka',	'Gokak'),
(592,	1,	18,	'Karnataka',	'Gulbarga'),
(593,	1,	18,	'Karnataka',	'Gundlupet'),
(594,	1,	18,	'Karnataka',	'Haasana'),
(595,	1,	18,	'Karnataka',	'Hosapet'),
(596,	1,	18,	'Karnataka',	'Hubbali'),
(597,	1,	18,	'Karnataka',	'Kaarkala'),
(598,	1,	18,	'Karnataka',	'Kalburgi'),
(599,	1,	18,	'Karnataka',	'Karwar'),
(600,	1,	18,	'Karnataka',	'Kolaara'),
(601,	1,	18,	'Karnataka',	'Kota'),
(602,	1,	18,	'Karnataka',	'Lakshmishawara'),
(603,	1,	18,	'Karnataka',	'Lingsuguru'),
(604,	1,	18,	'Karnataka',	'Maagadi'),
(605,	1,	18,	'Karnataka',	'Maaluru'),
(606,	1,	18,	'Karnataka',	'Maanvi'),
(607,	1,	18,	'Karnataka',	'Maddhuru'),
(608,	1,	18,	'Karnataka',	'Madhugiri'),
(609,	1,	18,	'Karnataka',	'Madikeri'),
(610,	1,	18,	'Karnataka',	'Mahalingapura'),
(611,	1,	18,	'Karnataka',	'Malavalli'),
(612,	1,	18,	'Karnataka',	'Mandya'),
(613,	1,	18,	'Karnataka',	'Mangalooru'),
(614,	1,	18,	'Karnataka',	'Mudabidri'),
(615,	1,	18,	'Karnataka',	'Mudalagi'),
(616,	1,	18,	'Karnataka',	'Muddebihala'),
(617,	1,	18,	'Karnataka',	'Mudhola'),
(618,	1,	18,	'Karnataka',	'Mulabaagilu'),
(619,	1,	18,	'Karnataka',	'Mundaragi'),
(620,	1,	18,	'Karnataka',	'Mysooru'),
(621,	1,	18,	'Karnataka',	'Nanjanagoodu'),
(622,	1,	18,	'Karnataka',	'Nippani'),
(623,	1,	18,	'Karnataka',	'Paavagada'),
(624,	1,	18,	'Karnataka',	'pereyaapatna'),
(625,	1,	18,	'Karnataka',	'Puthooru'),
(626,	1,	18,	'Karnataka',	'Raamadurga'),
(627,	1,	18,	'Karnataka',	'Raamanagara'),
(628,	1,	18,	'Karnataka',	'Raayachuru'),
(629,	1,	18,	'Karnataka',	'Rabakavi Banahatti'),
(630,	1,	18,	'Karnataka',	'Ranibennur'),
(631,	1,	18,	'Karnataka',	'Robertson Pet'),
(632,	1,	18,	'Karnataka',	'Ron'),
(633,	1,	18,	'Karnataka',	'Saagara'),
(634,	1,	18,	'Karnataka',	'Sadalaga'),
(635,	1,	18,	'Karnataka',	'Sakaleshapura'),
(636,	1,	18,	'Karnataka',	'Sandur'),
(637,	1,	18,	'Karnataka',	'Sankeshwara'),
(638,	1,	18,	'Karnataka',	'Savanur'),
(639,	1,	18,	'Karnataka',	'Sedam'),
(640,	1,	18,	'Karnataka',	'Shahabad'),
(641,	1,	18,	'Karnataka',	'Shahapura'),
(642,	1,	18,	'Karnataka',	'Sheraguppa'),
(643,	1,	18,	'Karnataka',	'Shiggaavi'),
(644,	1,	18,	'Karnataka',	'Shikapur'),
(645,	1,	18,	'Karnataka',	'Shivamogga'),
(646,	1,	18,	'Karnataka',	'Shree Rangapattana'),
(647,	1,	18,	'Karnataka',	'Shreenivaasapura'),
(648,	1,	18,	'Karnataka',	'Sidhalaghatta'),
(649,	1,	18,	'Karnataka',	'Sindhagi'),
(650,	1,	18,	'Karnataka',	'Sindhanooru'),
(651,	1,	18,	'Karnataka',	'Sira'),
(652,	1,	18,	'Karnataka',	'Sirsi'),
(653,	1,	18,	'Karnataka',	'Soudaththi-Yellamma'),
(654,	1,	18,	'Karnataka',	'Surapura'),
(655,	1,	18,	'Karnataka',	'Tarikere'),
(656,	1,	18,	'Karnataka',	'Tekkalakote'),
(657,	1,	18,	'Karnataka',	'Thaalikote'),
(658,	1,	18,	'Karnataka',	'Thergallu'),
(659,	1,	18,	'Karnataka',	'Thipatooru'),
(660,	1,	18,	'Karnataka',	'Thumakooru'),
(661,	1,	18,	'Karnataka',	'Udupi'),
(662,	1,	18,	'Karnataka',	'Ugar'),
(663,	1,	18,	'Karnataka',	'Vijayapura'),
(664,	1,	18,	'Karnataka',	'Wadi'),
(665,	1,	18,	'Karnataka',	'Yaadhagiri'),
(666,	1,	19,	'Kerala',	'Adoor'),
(667,	1,	19,	'Kerala',	'Akathiyoor'),
(668,	1,	19,	'Kerala',	'Alappuzha'),
(669,	1,	19,	'Kerala',	'Ancharakandy'),
(670,	1,	19,	'Kerala',	'Aroor'),
(671,	1,	19,	'Kerala',	'Ashtamichira'),
(672,	1,	19,	'Kerala',	'Attingal'),
(673,	1,	19,	'Kerala',	'Avinissery'),
(674,	1,	19,	'Kerala',	'Chalakudy'),
(675,	1,	19,	'Kerala',	'Changanassery'),
(676,	1,	19,	'Kerala',	'Chendamangalam'),
(677,	1,	19,	'Kerala',	'Chengannur'),
(678,	1,	19,	'Kerala',	'Cherthala'),
(679,	1,	19,	'Kerala',	'Cheruthazham'),
(680,	1,	19,	'Kerala',	'Chittur-Thathamangalam'),
(681,	1,	19,	'Kerala',	'Chockli'),
(682,	1,	19,	'Kerala',	'Erattupetta'),
(683,	1,	19,	'Kerala',	'Guruvayoor'),
(684,	1,	19,	'Kerala',	'Irinjalakuda'),
(685,	1,	19,	'Kerala',	'Kadirur'),
(686,	1,	19,	'Kerala',	'Kalliasseri'),
(687,	1,	19,	'Kerala',	'Kalpetta'),
(688,	1,	19,	'Kerala',	'Kanhangad'),
(689,	1,	19,	'Kerala',	'Kanjikkuzhi'),
(690,	1,	19,	'Kerala',	'Kannur'),
(691,	1,	19,	'Kerala',	'Kasaragod'),
(692,	1,	19,	'Kerala',	'Kayamkulam'),
(693,	1,	19,	'Kerala',	'Kochi'),
(694,	1,	19,	'Kerala',	'Kodungallur'),
(695,	1,	19,	'Kerala',	'Kollam'),
(696,	1,	19,	'Kerala',	'Koothuparamba'),
(697,	1,	19,	'Kerala',	'Kothamangalam'),
(698,	1,	19,	'Kerala',	'Kottayam'),
(699,	1,	19,	'Kerala',	'Kozhikode'),
(700,	1,	19,	'Kerala',	'Kunnamkulam'),
(701,	1,	19,	'Kerala',	'Malappuram'),
(702,	1,	19,	'Kerala',	'Mattannur'),
(703,	1,	19,	'Kerala',	'Mavelikkara'),
(704,	1,	19,	'Kerala',	'Mavoor'),
(705,	1,	19,	'Kerala',	'Muvattupuzha'),
(706,	1,	19,	'Kerala',	'Nedumangad'),
(707,	1,	19,	'Kerala',	'Neyyattinkara'),
(708,	1,	19,	'Kerala',	'Ottappalam'),
(709,	1,	19,	'Kerala',	'Palai'),
(710,	1,	19,	'Kerala',	'Palakkad'),
(711,	1,	19,	'Kerala',	'Panniyannur'),
(712,	1,	19,	'Kerala',	'Pappinisseri'),
(713,	1,	19,	'Kerala',	'Paravoor'),
(714,	1,	19,	'Kerala',	'Pathanamthitta'),
(715,	1,	19,	'Kerala',	'Peringathur'),
(716,	1,	19,	'Kerala',	'Perinthalmanna'),
(717,	1,	19,	'Kerala',	'Perumbavoor'),
(718,	1,	19,	'Kerala',	'Ponnani'),
(719,	1,	19,	'Kerala',	'Punalur'),
(720,	1,	19,	'Kerala',	'Quilandy'),
(721,	1,	19,	'Kerala',	'Shoranur'),
(722,	1,	19,	'Kerala',	'Taliparamba'),
(723,	1,	19,	'Kerala',	'Thiruvalla'),
(724,	1,	19,	'Kerala',	'Thiruvananthapuram'),
(725,	1,	19,	'Kerala',	'Thodupuzha'),
(726,	1,	19,	'Kerala',	'Thrissur'),
(727,	1,	19,	'Kerala',	'Tirur'),
(728,	1,	19,	'Kerala',	'Vadakara'),
(729,	1,	19,	'Kerala',	'Vaikom'),
(730,	1,	19,	'Kerala',	'Varkala'),
(731,	1,	20,	'Lakshadweep',	'Amini'),
(732,	1,	20,	'Lakshadweep',	'Kavaratti*'),
(733,	1,	21,	'Madhya Pradesh',	'Ashok Nagar'),
(734,	1,	21,	'Madhya Pradesh',	'Balaghat'),
(735,	1,	21,	'Madhya Pradesh',	'Barwani'),
(736,	1,	21,	'Madhya Pradesh',	'Betul'),
(737,	1,	21,	'Madhya Pradesh',	'Bhopal*'),
(738,	1,	21,	'Madhya Pradesh',	'Burhanpur'),
(739,	1,	21,	'Madhya Pradesh',	'Chhatarpur'),
(740,	1,	21,	'Madhya Pradesh',	'Chhindwara'),
(741,	1,	21,	'Madhya Pradesh',	'Chitrakoot'),
(742,	1,	21,	'Madhya Pradesh',	'Dabra'),
(743,	1,	21,	'Madhya Pradesh',	'Damoh'),
(744,	1,	21,	'Madhya Pradesh',	'Datia'),
(745,	1,	21,	'Madhya Pradesh',	'Dewas'),
(746,	1,	21,	'Madhya Pradesh',	'Dhar'),
(747,	1,	21,	'Madhya Pradesh',	'Fatehabad'),
(748,	1,	21,	'Madhya Pradesh',	'Guna'),
(749,	1,	21,	'Madhya pradesh',	'Gwalior'),
(750,	1,	21,	'Madhya Pradesh',	'Harda'),
(751,	1,	21,	'Madhya Pradesh',	'Indore'),
(752,	1,	21,	'Madhya Pradesh',	'Itarsi'),
(753,	1,	21,	'Madhya Pradesh',	'Jabalpur'),
(754,	1,	21,	'Madhya Pradesh',	'Jhabua'),
(755,	1,	21,	'Madhya Pradesh',	'Kailaras'),
(756,	1,	21,	'Madhya Pradesh',	'Katni'),
(757,	1,	21,	'Madhya Pradesh',	'Khurai'),
(758,	1,	21,	'Madhya Pradesh',	'Kotma'),
(759,	1,	21,	'Madhya Pradesh',	'Lahar'),
(760,	1,	21,	'Madhya Pradesh',	'Lundi'),
(761,	1,	21,	'Madhya Pradesh',	'Maharajpur'),
(762,	1,	21,	'Madhya Pradesh',	'Mahidpur'),
(763,	1,	21,	'Madhya Pradesh',	'Maihar'),
(764,	1,	21,	'Madhya Pradesh',	'Malajkhand'),
(765,	1,	21,	'Madhya Pradesh',	'Manasa'),
(766,	1,	21,	'Madhya Pradesh',	'Manawar'),
(767,	1,	21,	'Madhya Pradesh',	'Mandideep'),
(768,	1,	21,	'Madhya Pradesh',	'Mandla'),
(769,	1,	21,	'Madhya Pradesh',	'Mandsaur'),
(770,	1,	21,	'Madhya Pradesh',	'Mauganj'),
(771,	1,	21,	'Madhya Pradesh',	'Mhow Cantonment'),
(772,	1,	21,	'Madhya Pradesh',	'Mhowgaon'),
(773,	1,	21,	'Madhya Pradesh',	'Morena'),
(774,	1,	21,	'Madhya Pradesh',	'Multai'),
(775,	1,	21,	'Madhya Pradesh',	'Murwara'),
(776,	1,	21,	'Madhya Pradesh',	'Nagda'),
(777,	1,	21,	'Madhya Pradesh',	'Nainpur'),
(778,	1,	21,	'Madhya Pradesh',	'Narsinghgarh'),
(779,	1,	21,	'Madhya Pradesh',	'Narsinghgarh'),
(780,	1,	21,	'Madhya Pradesh',	'Neemuch'),
(781,	1,	21,	'Madhya Pradesh',	'Nepanagar'),
(782,	1,	21,	'Madhya Pradesh',	'Niwari'),
(783,	1,	21,	'Madhya Pradesh',	'Nowgong'),
(784,	1,	21,	'Madhya Pradesh',	'Nowrozabad'),
(785,	1,	21,	'Madhya Pradesh',	'Pachore'),
(786,	1,	21,	'Madhya Pradesh',	'Pali'),
(787,	1,	21,	'Madhya Pradesh',	'Panagar'),
(788,	1,	21,	'Madhya Pradesh',	'Pandhurna'),
(789,	1,	21,	'Madhya Pradesh',	'Panna'),
(790,	1,	21,	'Madhya Pradesh',	'Pasan'),
(791,	1,	21,	'Madhya Pradesh',	'Pipariya'),
(792,	1,	21,	'Madhya Pradesh',	'Pithampur'),
(793,	1,	21,	'Madhya Pradesh',	'Porsa'),
(794,	1,	21,	'Madhya Pradesh',	'Prithvipur'),
(795,	1,	21,	'Madhya Pradesh',	'Raghogarh-Vijaypur'),
(796,	1,	21,	'Madhya Pradesh',	'Rahatgarh'),
(797,	1,	21,	'Madhya Pradesh',	'Raisen'),
(798,	1,	21,	'Madhya Pradesh',	'Rajgarh'),
(799,	1,	21,	'Madhya Pradesh',	'Ratlam'),
(800,	1,	21,	'Madhya Pradesh',	'Rau'),
(801,	1,	21,	'Madhya Pradesh',	'Rehli'),
(802,	1,	21,	'Madhya Pradesh',	'Rewa'),
(803,	1,	21,	'Madhya Pradesh',	'Sabalgarh'),
(804,	1,	21,	'Madhya Pradesh',	'Sagar'),
(805,	1,	21,	'Madhya Pradesh',	'Sanawad'),
(806,	1,	21,	'Madhya Pradesh',	'Sarangpur'),
(807,	1,	21,	'Madhya Pradesh',	'Sarni'),
(808,	1,	21,	'Madhya Pradesh',	'Satna'),
(809,	1,	21,	'Madhya Pradesh',	'Sausar'),
(810,	1,	21,	'Madhya Pradesh',	'Sehore'),
(811,	1,	21,	'Madhya Pradesh',	'Sendhwa'),
(812,	1,	21,	'Madhya Pradesh',	'Seoni'),
(813,	1,	21,	'Madhya Pradesh',	'Seoni-Malwa'),
(814,	1,	21,	'Madhya Pradesh',	'Shahdol'),
(815,	1,	21,	'Madhya Pradesh',	'Shajapur'),
(816,	1,	21,	'Madhya Pradesh',	'Shamgarh'),
(817,	1,	21,	'Madhya Pradesh',	'Sheopur'),
(818,	1,	21,	'Madhya Pradesh',	'Shivpuri'),
(819,	1,	21,	'Madhya Pradesh',	'Shujalpur'),
(820,	1,	21,	'Madhya Pradesh',	'Sidhi'),
(821,	1,	21,	'Madhya Pradesh',	'Sihora'),
(822,	1,	21,	'Madhya Pradesh',	'Singrauli'),
(823,	1,	21,	'Madhya Pradesh',	'Sironj'),
(824,	1,	21,	'Madhya Pradesh',	'Sohagpur'),
(825,	1,	21,	'Madhya Pradesh',	'Tarana'),
(826,	1,	21,	'Madhya Pradesh',	'Tikamgarh'),
(827,	1,	21,	'Madhya Pradesh',	'Ujhani'),
(828,	1,	21,	'Madhya Pradesh',	'Ujjain'),
(829,	1,	21,	'Madhya Pradesh',	'Umaria'),
(830,	1,	21,	'Madhya Pradesh',	'Vidisha'),
(831,	1,	21,	'Madhya Pradesh',	'Wara Seoni'),
(832,	1,	22,	'Maharashtra',	'Achalpur'),
(833,	1,	22,	'Maharashtra',	'Ahmednagar'),
(834,	1,	22,	'Maharashtra',	'Ahmedpur'),
(835,	1,	22,	'Maharashtra',	'Ajra'),
(836,	1,	22,	'Maharashtra',	'Akkalkot'),
(837,	1,	22,	'Maharashtra',	'Akola'),
(838,	1,	22,	'Maharashtra',	'Akot'),
(839,	1,	22,	'Maharashtra',	'Alandi'),
(840,	1,	22,	'Maharashtra',	'Alibag'),
(841,	1,	22,	'Maharashtra',	'Amalner'),
(842,	1,	22,	'Maharashtra',	'Ambad'),
(843,	1,	22,	'Maharashtra',	'Ambejogai'),
(844,	1,	22,	'Maharashtra',	'Ambivali Tarf Wankhal'),
(845,	1,	22,	'Maharashtra',	'Amravati'),
(846,	1,	22,	'Maharashtra',	'Anjangaon'),
(847,	1,	22,	'Maharashtra',	'Arvi'),
(848,	1,	22,	'Maharashtra',	'Ashta'),
(849,	1,	22,	'Maharashtra',	'Aurangabad'),
(850,	1,	22,	'Maharashtra',	'Ausa'),
(851,	1,	22,	'Maharashtra',	'Baramati'),
(852,	1,	22,	'Maharashtra',	'Bhandara'),
(853,	1,	22,	'Maharashtra',	'Bhiwandi'),
(854,	1,	22,	'Maharashtra',	'Bhusawal'),
(855,	1,	22,	'Maharashtra',	'Chalisgaon'),
(856,	1,	22,	'Maharashtra',	'Chandrapur'),
(857,	1,	22,	'Maharashtra',	'Chinchani'),
(858,	1,	22,	'Maharashtra',	'Chiplun'),
(859,	1,	22,	'Maharashtra',	'Daund'),
(860,	1,	22,	'Maharashtra',	'Devgarh'),
(861,	1,	22,	'Maharashtra',	'Dhule'),
(862,	1,	22,	'Maharashtra',	'Dombivli'),
(863,	1,	22,	'Maharashtra',	'Durgapur'),
(864,	1,	22,	'Maharashtra',	'Gadchiroli'),
(865,	1,	22,	'Maharashtra',	'Ghatanji'),
(866,	1,	22,	'Maharashtra',	'Gondiya'),
(867,	1,	22,	'Maharashtra',	'Ichalkaranji'),
(868,	1,	22,	'Maharashtra',	'Jalgaon'),
(869,	1,	22,	'Maharashtra',	'Jalna'),
(870,	1,	22,	'Maharashtra',	'Junnar'),
(871,	1,	22,	'Maharashtra',	'Kalyan'),
(872,	1,	22,	'Maharashtra',	'Kamthi'),
(873,	1,	22,	'Maharashtra',	'Karad'),
(874,	1,	22,	'maharashtra',	'karjat'),
(875,	1,	22,	'Maharashtra',	'Kolhapur'),
(876,	1,	22,	'Maharashtra',	'Latur'),
(877,	1,	22,	'Maharashtra',	'Loha'),
(878,	1,	22,	'Maharashtra',	'Lonar'),
(879,	1,	22,	'Maharashtra',	'Lonavla'),
(880,	1,	22,	'Maharashtra',	'Mahabaleswar'),
(881,	1,	22,	'Maharashtra',	'Mahad'),
(882,	1,	22,	'Maharashtra',	'Mahuli'),
(883,	1,	22,	'Maharashtra',	'Malegaon'),
(884,	1,	22,	'Maharashtra',	'Malkapur'),
(885,	1,	22,	'Maharashtra',	'Manchar'),
(886,	1,	22,	'Maharashtra',	'Mangalvedhe'),
(887,	1,	22,	'Maharashtra',	'Mangrulpir'),
(888,	1,	22,	'Maharashtra',	'Manjlegaon'),
(889,	1,	22,	'Maharashtra',	'Manmad'),
(890,	1,	22,	'Maharashtra',	'Manwath'),
(891,	1,	22,	'Maharashtra',	'Mehkar'),
(892,	1,	22,	'Maharashtra',	'Mhaswad'),
(893,	1,	22,	'Maharashtra',	'Mira-Bhayandar'),
(894,	1,	22,	'Maharashtra',	'Miraj'),
(895,	1,	22,	'Maharashtra',	'Morshi'),
(896,	1,	22,	'Maharashtra',	'Mukhed'),
(897,	1,	22,	'Maharashtra',	'Mul'),
(898,	1,	22,	'Maharashtra',	'Mumbai'),
(899,	1,	22,	'Maharashtra',	'Murtijapur'),
(900,	1,	22,	'Maharashtra',	'Nagpur'),
(901,	1,	22,	'Maharashtra',	'Nalasopara'),
(902,	1,	22,	'Maharashtra',	'Nanded-Waghala'),
(903,	1,	22,	'Maharashtra',	'Nandgaon'),
(904,	1,	22,	'Maharashtra',	'Nandura'),
(905,	1,	22,	'Maharashtra',	'Nandurbar'),
(906,	1,	22,	'Maharashtra',	'Narkhed'),
(907,	1,	22,	'Maharashtra',	'Nashik'),
(908,	1,	22,	'Maharashtra',	'Navi Mumbai'),
(909,	1,	22,	'Maharashtra',	'Nawapur'),
(910,	1,	22,	'Maharashtra',	'Nilanga'),
(911,	1,	22,	'Maharashtra',	'Osmanabad'),
(912,	1,	22,	'Maharashtra',	'Ozar'),
(913,	1,	22,	'Maharashtra',	'Pachora'),
(914,	1,	22,	'Maharashtra',	'Paithan'),
(915,	1,	22,	'Maharashtra',	'Palghar'),
(916,	1,	22,	'Maharashtra',	'Pandharkaoda'),
(917,	1,	22,	'Maharashtra',	'Pandharpur'),
(918,	1,	22,	'Maharashtra',	'Panvel'),
(919,	1,	22,	'Maharashtra',	'Parbhani'),
(920,	1,	22,	'Maharashtra',	'Parli'),
(921,	1,	22,	'Maharashtra',	'Parola'),
(922,	1,	22,	'Maharashtra',	'Partur'),
(923,	1,	22,	'Maharashtra',	'Pathardi'),
(924,	1,	22,	'Maharashtra',	'Pathri'),
(925,	1,	22,	'Maharashtra',	'Patur'),
(926,	1,	22,	'Maharashtra',	'Pauni'),
(927,	1,	22,	'Maharashtra',	'Pen'),
(928,	1,	22,	'Maharashtra',	'Phaltan'),
(929,	1,	22,	'Maharashtra',	'Pulgaon'),
(930,	1,	22,	'Maharashtra',	'Pune'),
(931,	1,	22,	'Maharashtra',	'Purna'),
(932,	1,	22,	'Maharashtra',	'Pusad'),
(933,	1,	22,	'Maharashtra',	'Raichuri'),
(934,	1,	22,	'Maharashtra',	'Rajura'),
(935,	1,	22,	'Maharashtra',	'Ramtek'),
(936,	1,	22,	'Maharashtra',	'Ratnagiri'),
(937,	1,	22,	'Maharashtra',	'Raver'),
(938,	1,	22,	'Maharashtra',	'Risod'),
(939,	1,	22,	'Maharashtra',	'Sailu'),
(940,	1,	22,	'Maharashtra',	'Sangamner'),
(941,	1,	22,	'Maharashtra',	'Sangli'),
(942,	1,	22,	'Maharashtra',	'Sangole'),
(943,	1,	22,	'Maharashtra',	'Sasvad'),
(944,	1,	22,	'Maharashtra',	'Satana'),
(945,	1,	22,	'Maharashtra',	'Satara'),
(946,	1,	22,	'Maharashtra',	'Savner'),
(947,	1,	22,	'Maharashtra',	'Sawantwadi'),
(948,	1,	22,	'Maharashtra',	'Shahade'),
(949,	1,	22,	'Maharashtra',	'Shegaon'),
(950,	1,	22,	'Maharashtra',	'Shendurjana'),
(951,	1,	22,	'Maharashtra',	'Shirdi'),
(952,	1,	22,	'Maharashtra',	'Shirpur-Warwade'),
(953,	1,	22,	'Maharashtra',	'Shirur'),
(954,	1,	22,	'Maharashtra',	'Shrigonda'),
(955,	1,	22,	'Maharashtra',	'Shrirampur'),
(956,	1,	22,	'Maharashtra',	'Sillod'),
(957,	1,	22,	'Maharashtra',	'Sinnar'),
(958,	1,	22,	'Maharashtra',	'Solapur'),
(959,	1,	22,	'Maharashtra',	'Soyagaon'),
(960,	1,	22,	'Maharashtra',	'Talegaon Dabhade'),
(961,	1,	22,	'Maharashtra',	'Talode'),
(962,	1,	22,	'Maharashtra',	'Tasgaon'),
(963,	1,	22,	'Maharashtra',	'Tirora'),
(964,	1,	22,	'Maharashtra',	'Tuljapur'),
(965,	1,	22,	'Maharashtra',	'Tumsar'),
(966,	1,	22,	'Maharashtra',	'Uchgaon'),
(967,	1,	22,	'Maharashtra',	'Udgir'),
(968,	1,	22,	'Maharashtra',	'Umarga'),
(969,	1,	22,	'Maharashtra',	'Umarkhed'),
(970,	1,	22,	'Maharashtra',	'Umred'),
(971,	1,	22,	'Maharashtra',	'Uran'),
(972,	1,	22,	'Maharashtra',	'Uran Islampur'),
(973,	1,	22,	'Maharashtra',	'Vadgaon Kasba'),
(974,	1,	22,	'Maharashtra',	'Vaijapur'),
(975,	1,	22,	'Maharashtra',	'Vasai'),
(976,	1,	22,	'Maharashtra',	'Virar'),
(977,	1,	22,	'Maharashtra',	'Vita'),
(978,	1,	22,	'Maharashtra',	'Wadgaon Road'),
(979,	1,	22,	'Maharashtra',	'Wai'),
(980,	1,	22,	'Maharashtra',	'Wani'),
(981,	1,	22,	'Maharashtra',	'Wardha'),
(982,	1,	22,	'Maharashtra',	'Warora'),
(983,	1,	22,	'Maharashtra',	'Warud'),
(984,	1,	22,	'Maharashtra',	'Washim'),
(985,	1,	22,	'Maharashtra',	'Yavatmal'),
(986,	1,	22,	'Maharashtra',	'Yawal'),
(987,	1,	22,	'Maharashtra',	'Yevla'),
(988,	1,	23,	'Manipur',	'Imphal*'),
(989,	1,	23,	'Manipur',	'Kakching'),
(990,	1,	23,	'Manipur',	'Lilong'),
(991,	1,	23,	'Manipur',	'Mayang Imphal'),
(992,	1,	23,	'Manipur',	'Thoubal'),
(993,	1,	24,	'Meghalaya',	'Jowai'),
(994,	1,	24,	'Meghalaya',	'Nongstoin'),
(995,	1,	24,	'Meghalaya',	'Shillong*'),
(996,	1,	24,	'Meghalaya',	'Tura'),
(997,	1,	25,	'Mizoram',	'Aizawl'),
(998,	1,	25,	'Mizoram',	'Champhai'),
(999,	1,	25,	'Mizoram',	'Lunglei'),
(1000,	1,	25,	'Mizoram',	'Saiha'),
(1001,	1,	26,	'Nagaland',	'Dimapur'),
(1002,	1,	26,	'Nagaland',	'Kohima*'),
(1003,	1,	26,	'Nagaland',	'Mokokchung'),
(1004,	1,	26,	'Nagaland',	'Tuensang'),
(1005,	1,	26,	'Nagaland',	'Wokha'),
(1006,	1,	26,	'Nagaland',	'Zunheboto'),
(1007,	1,	27,	'Orissa',	'Anandapur'),
(1008,	1,	27,	'Orissa',	'Anugul'),
(1009,	1,	27,	'Orissa',	'Asika'),
(1010,	1,	27,	'Orissa',	'Balangir'),
(1011,	1,	27,	'Orissa',	'Balasore'),
(1012,	1,	27,	'Orissa',	'Baleshwar'),
(1013,	1,	27,	'Orissa',	'Bamra'),
(1014,	1,	27,	'Orissa',	'Barbil'),
(1015,	1,	27,	'Orissa',	'Bargarh'),
(1016,	1,	27,	'Orissa',	'Bargarh'),
(1017,	1,	27,	'Orissa',	'Baripada'),
(1018,	1,	27,	'Orissa',	'Basudebpur'),
(1019,	1,	27,	'Orissa',	'Belpahar'),
(1020,	1,	27,	'Orissa',	'Berhampur'),
(1021,	1,	27,	'Orissa',	'Bhadrak'),
(1022,	1,	27,	'Orissa',	'Bhawanipatna'),
(1023,	1,	27,	'Orissa',	'Bhuban'),
(1024,	1,	27,	'Orissa',	'Bhubaneswar*'),
(1025,	1,	27,	'Orissa',	'Biramitrapur'),
(1026,	1,	27,	'Orissa',	'Brahmapur'),
(1027,	1,	27,	'Orissa',	'Brajrajnagar'),
(1028,	1,	27,	'Orissa',	'Burla'),
(1029,	1,	27,	'Orissa',	'Byasanagar'),
(1030,	1,	27,	'Orissa',	'Cuttack'),
(1031,	1,	27,	'Orissa',	'Debagarh'),
(1032,	1,	27,	'Orissa',	'Dhenkanal'),
(1033,	1,	27,	'Orissa',	'Ganjam'),
(1034,	1,	27,	'Orissa',	'Gunupur'),
(1035,	1,	27,	'Orissa',	'Hinjilicut'),
(1036,	1,	27,	'Orissa',	'Jagatsinghapur'),
(1037,	1,	27,	'Orissa',	'Jajapur'),
(1038,	1,	27,	'Orissa',	'Jaleswar'),
(1039,	1,	27,	'Orissa',	'Jatani'),
(1040,	1,	27,	'Orissa',	'Jeypur'),
(1041,	1,	27,	'Orissa',	'Jharsuguda'),
(1042,	1,	27,	'Orissa',	'Joda'),
(1043,	1,	27,	'Orissa',	'Kantabanji'),
(1044,	1,	27,	'Orissa',	'Karanjia'),
(1045,	1,	27,	'Orissa',	'Kendrapara'),
(1046,	1,	27,	'Orissa',	'Kendujhar'),
(1047,	1,	27,	'Orissa',	'Khordha'),
(1048,	1,	27,	'Orissa',	'Koraput'),
(1049,	1,	27,	'Orissa',	'Kuchinda'),
(1050,	1,	27,	'Orissa',	'Madhyamgram'),
(1051,	1,	27,	'Orissa',	'Malkangiri'),
(1052,	1,	27,	'Orissa',	'Nabarangapur'),
(1053,	1,	27,	'Orissa',	'Paradip'),
(1054,	1,	27,	'Orissa',	'Parlakhemundi'),
(1055,	1,	27,	'Orissa',	'Pattamundai'),
(1056,	1,	27,	'Orissa',	'Phulabani'),
(1057,	1,	27,	'Orissa',	'Puri'),
(1058,	1,	27,	'Orissa',	'Rairangpur'),
(1059,	1,	27,	'Orissa',	'Rajagangapur'),
(1060,	1,	27,	'Orissa',	'Raurkela'),
(1061,	1,	27,	'Orissa',	'Rayagada'),
(1062,	1,	27,	'Orissa',	'Sambalpur'),
(1063,	1,	27,	'Orissa',	'Soro'),
(1064,	1,	27,	'Orissa',	'Sunabeda'),
(1065,	1,	27,	'Orissa',	'Sundargarh'),
(1066,	1,	27,	'Orissa',	'Talcher'),
(1067,	1,	27,	'Orissa',	'Titlagarh'),
(1068,	1,	27,	'Orissa',	'Umarkote'),
(1069,	1,	28,	'Pondicherry',	'Karaikal'),
(1070,	1,	28,	'Pondicherry',	'Mahe'),
(1071,	1,	28,	'Pondicherry',	'Pondicherry*'),
(1072,	1,	28,	'Pondicherry',	'Yanam'),
(1073,	1,	29,	'Punjab',	'Ahmedgarh'),
(1074,	1,	29,	'Punjab',	'Amritsar'),
(1075,	1,	29,	'Punjab',	'Barnala'),
(1076,	1,	29,	'Punjab',	'Batala'),
(1077,	1,	29,	'Punjab',	'Bathinda'),
(1078,	1,	29,	'Punjab',	'Bhagha Purana'),
(1079,	1,	29,	'Punjab',	'Budhlada'),
(1080,	1,	29,	'Punjab',	'Dasua'),
(1081,	1,	29,	'Punjab',	'Dhuri'),
(1082,	1,	29,	'Punjab',	'Dinanagar'),
(1083,	1,	29,	'Punjab',	'Faridkot'),
(1084,	1,	29,	'Punjab',	'Fazilka'),
(1085,	1,	29,	'Punjab',	'Firozpur'),
(1086,	1,	29,	'Punjab',	'Firozpur Cantt.'),
(1087,	1,	29,	'Punjab',	'Giddarbaha'),
(1088,	1,	29,	'Punjab',	'Gobindgarh'),
(1089,	1,	29,	'Punjab',	'Gurdaspur'),
(1090,	1,	29,	'Punjab',	'Hoshiarpur'),
(1091,	1,	29,	'Punjab',	'Jagraon'),
(1092,	1,	29,	'Punjab',	'Jaitu'),
(1093,	1,	29,	'Punjab',	'Jalalabad'),
(1094,	1,	29,	'Punjab',	'Jalandhar'),
(1095,	1,	29,	'Punjab',	'Jalandhar Cantt.'),
(1096,	1,	29,	'Punjab',	'Jandiala'),
(1097,	1,	29,	'Punjab',	'Kamahi Devi'),
(1098,	1,	29,	'Punjab',	'Kapurthala'),
(1099,	1,	29,	'Punjab',	'Karoran'),
(1100,	1,	29,	'Punjab',	'Kartarpur'),
(1101,	1,	29,	'Punjab',	'Khanna'),
(1102,	1,	29,	'Punjab',	'Kharar'),
(1103,	1,	29,	'Punjab',	'Kot Kapura'),
(1104,	1,	29,	'Punjab',	'Kurali'),
(1105,	1,	29,	'Punjab',	'Longowal'),
(1106,	1,	29,	'Punjab',	'Ludhiana'),
(1107,	1,	29,	'Punjab',	'Malerkotla'),
(1108,	1,	29,	'Punjab',	'Malout'),
(1109,	1,	29,	'Punjab',	'Mansa'),
(1110,	1,	29,	'Punjab',	'Maur'),
(1111,	1,	29,	'Punjab',	'Moga'),
(1112,	1,	29,	'Punjab',	'Mohali'),
(1113,	1,	29,	'Punjab',	'Morinda'),
(1114,	1,	29,	'Punjab',	'Mukatsar'),
(1115,	1,	29,	'Punjab',	'Mukerian'),
(1116,	1,	29,	'Punjab',	'Muktsar'),
(1117,	1,	29,	'Punjab',	'Nabha'),
(1118,	1,	29,	'Punjab',	'Nakodar'),
(1119,	1,	29,	'Punjab',	'Nangal'),
(1120,	1,	29,	'Punjab',	'Nawanshahr'),
(1121,	1,	29,	'Punjab',	'Pathankot'),
(1122,	1,	29,	'Punjab',	'Patiala'),
(1123,	1,	29,	'Punjab',	'Patran'),
(1124,	1,	29,	'Punjab',	'Patti'),
(1125,	1,	29,	'Punjab',	'Phagwara'),
(1126,	1,	29,	'Punjab',	'Phillaur'),
(1127,	1,	29,	'Punjab',	'Qadian'),
(1128,	1,	29,	'Punjab',	'Raikot'),
(1129,	1,	29,	'Punjab',	'Rajpura'),
(1130,	1,	29,	'Punjab',	'Rampura Phul'),
(1131,	1,	29,	'Punjab',	'Rupnagar'),
(1132,	1,	29,	'Punjab',	'Samana'),
(1133,	1,	29,	'Punjab',	'Sangrur'),
(1134,	1,	29,	'Punjab',	'Sirhind Fatehgarh Sahib'),
(1135,	1,	29,	'Punjab',	'Sujanpur'),
(1136,	1,	29,	'Punjab',	'Sunam'),
(1137,	1,	29,	'Punjab',	'Talwara'),
(1138,	1,	29,	'Punjab',	'Tarn Taran'),
(1139,	1,	29,	'Punjab',	'Urmar Tanda'),
(1140,	1,	29,	'Punjab',	'Zira'),
(1141,	1,	29,	'Punjab',	'Zirakpur'),
(1142,	1,	30,	'Rajasthan',	'MANAKSER'),
(1143,	1,	30,	'Rajasthan',	'Alwar'),
(1144,	1,	30,	'Rajasthan',	'Bali'),
(1145,	1,	30,	'Rajasthan',	'Bandikui'),
(1146,	1,	30,	'Rajasthan',	'Banswara'),
(1147,	1,	30,	'Rajasthan',	'Baran'),
(1148,	1,	30,	'Rajasthan',	'Barmer'),
(1149,	1,	30,	'Rajasthan',	'Beawar'),
(1150,	1,	30,	'Rajasthan',	'Bharatpur'),
(1151,	1,	30,	'Rajasthan',	'Bhilwara'),
(1152,	1,	30,	'Rajasthan',	'Bhinmal'),
(1153,	1,	30,	'Rajasthan',	'Bikaner'),
(1154,	1,	30,	'Rajasthan',	'Bilara'),
(1155,	1,	30,	'Rajasthan',	'Churu'),
(1156,	1,	30,	'Rajasthan',	'Devgarh'),
(1157,	1,	30,	'Rajasthan',	'Falna'),
(1158,	1,	30,	'Rajasthan',	'Fatehpur'),
(1159,	1,	30,	'Rajasthan',	'Hanumangarh'),
(1160,	1,	30,	'Rajasthan',	'Harsawa'),
(1161,	1,	30,	'Rajasthan',	'Jaipur*'),
(1162,	1,	30,	'Rajasthan',	'Jaisalmer'),
(1163,	1,	30,	'Rajasthan',	'Jaitaran'),
(1164,	1,	30,	'Rajasthan',	'Jalore'),
(1165,	1,	30,	'Rajasthan',	'Jhalawar'),
(1166,	1,	30,	'Rajasthan',	'Jhunjhunu'),
(1167,	1,	30,	'Rajasthan',	'Jodhpur'),
(1168,	1,	30,	'Rajasthan',	'Kota'),
(1169,	1,	30,	'Rajasthan',	'Lachhmangarh'),
(1170,	1,	30,	'Rajasthan',	'Ladnu'),
(1171,	1,	30,	'Rajasthan',	'Lakheri'),
(1172,	1,	30,	'Rajasthan',	'Lalsot'),
(1173,	1,	30,	'Rajasthan',	'Losal'),
(1174,	1,	30,	'Rajasthan',	'Mahwa'),
(1175,	1,	30,	'Rajasthan',	'Makrana'),
(1176,	1,	30,	'Rajasthan',	'Malpura'),
(1177,	1,	30,	'Rajasthan',	'Mandalgarh'),
(1178,	1,	30,	'Rajasthan',	'Mandawa'),
(1179,	1,	30,	'Rajasthan',	'Mangrol'),
(1180,	1,	30,	'Rajasthan',	'Merta City'),
(1181,	1,	30,	'Rajasthan',	'Mount Abu'),
(1182,	1,	30,	'Rajasthan',	'Nadbai'),
(1183,	1,	30,	'Rajasthan',	'Nagar'),
(1184,	1,	30,	'Rajasthan',	'Nagaur'),
(1185,	1,	30,	'Rajasthan',	'Nargund'),
(1186,	1,	30,	'Rajasthan',	'Nasirabad'),
(1187,	1,	30,	'Rajasthan',	'Nathdwara'),
(1188,	1,	30,	'Rajasthan',	'Navalgund'),
(1189,	1,	30,	'Rajasthan',	'Nawalgarh'),
(1190,	1,	30,	'Rajasthan',	'Neem-Ka-Thana'),
(1191,	1,	30,	'Rajasthan',	'BEAWER'),
(1192,	1,	30,	'Rajasthan',	'Nimbahera'),
(1193,	1,	30,	'Rajasthan',	'Niwai'),
(1194,	1,	30,	'Rajasthan',	'Nohar'),
(1195,	1,	30,	'Rajasthan',	'Nokha'),
(1196,	1,	30,	'Rajasthan',	'Pali'),
(1197,	1,	30,	'Rajasthan',	'Phalodi'),
(1198,	1,	30,	'Rajasthan',	'Phulera'),
(1199,	1,	30,	'Rajasthan',	'Pilani'),
(1200,	1,	30,	'Rajasthan',	'Pilibanga'),
(1201,	1,	30,	'Rajasthan',	'Pindwara'),
(1202,	1,	30,	'Rajasthan',	'Pipar City'),
(1203,	1,	30,	'Rajasthan',	'Prantij'),
(1204,	1,	30,	'Rajasthan',	'Pratapgarh'),
(1205,	1,	30,	'Rajasthan',	'Raisinghnagar'),
(1206,	1,	30,	'Rajasthan',	'Rajakhera'),
(1207,	1,	30,	'Rajasthan',	'Rajaldesar'),
(1208,	1,	30,	'Rajasthan',	'Rajgarh (Alwar)'),
(1209,	1,	30,	'Rajasthan',	'Rajgarh (Churu)'),
(1210,	1,	30,	'Rajasthan',	'Rajsamand'),
(1211,	1,	30,	'Rajasthan',	'Ramganj Mandi'),
(1212,	1,	30,	'Rajasthan',	'Ramngarh'),
(1213,	1,	30,	'Rajasthan',	'Ratangarh'),
(1214,	1,	30,	'Rajasthan',	'Rawatbhata'),
(1215,	1,	30,	'Rajasthan',	'Rawatsar'),
(1216,	1,	30,	'Rajasthan',	'Reengus'),
(1217,	1,	30,	'Rajasthan',	'Sadri'),
(1218,	1,	30,	'Rajasthan',	'Sadulshahar'),
(1219,	1,	30,	'Rajasthan',	'Sagwara'),
(1220,	1,	30,	'Rajasthan',	'Sambhar'),
(1221,	1,	30,	'Rajasthan',	'Sanchore'),
(1222,	1,	30,	'Rajasthan',	'Sangaria'),
(1223,	1,	30,	'Rajasthan',	'Sardarshahar'),
(1224,	1,	30,	'Rajasthan',	'Sawai Madhopur'),
(1225,	1,	30,	'Rajasthan',	'Shahpura'),
(1226,	1,	30,	'Rajasthan',	'Shahpura'),
(1227,	1,	30,	'Rajasthan',	'Sheoganj'),
(1228,	1,	30,	'Rajasthan',	'Sikar'),
(1229,	1,	30,	'Rajasthan',	'Sirohi'),
(1230,	1,	30,	'Rajasthan',	'Sojat'),
(1231,	1,	30,	'Rajasthan',	'Sri Madhopur'),
(1232,	1,	30,	'Rajasthan',	'Sujangarh'),
(1233,	1,	30,	'Rajasthan',	'Sumerpur'),
(1234,	1,	30,	'Rajasthan',	'Suratgarh'),
(1235,	1,	30,	'Rajasthan',	'Taranagar'),
(1236,	1,	30,	'Rajasthan',	'Todabhim'),
(1237,	1,	30,	'Rajasthan',	'Todaraisingh'),
(1238,	1,	30,	'Rajasthan',	'Tonk'),
(1239,	1,	30,	'Rajasthan',	'Udaipur'),
(1240,	1,	30,	'Rajasthan',	'Udaipurwati'),
(1241,	1,	30,	'Rajasthan',	'Vijainagar'),
(1242,	1,	31,	'Sikkim',	'Gangtok*'),
(1243,	1,	32,	'Tamil Nadu',	'Arakkonam'),
(1244,	1,	32,	'Tamil Nadu',	'Arcot'),
(1245,	1,	32,	'Tamil Nadu',	'Aruppukkottai'),
(1246,	1,	32,	'Tamil Nadu',	'Bhavani'),
(1247,	1,	32,	'Tamil Nadu',	'Chengalpattu'),
(1248,	1,	32,	'Tamil Nadu',	'Chennai*'),
(1249,	1,	32,	'Tamil nadu',	'Chinna salem'),
(1250,	1,	32,	'Tamil Nadu',	'Coimbatore'),
(1251,	1,	32,	'Tamil Nadu',	'Coonoor'),
(1252,	1,	32,	'Tamil Nadu',	'Cuddalore'),
(1253,	1,	32,	'Tamil Nadu',	'Dharmapuri'),
(1254,	1,	32,	'Tamil Nadu',	'Dindigul'),
(1255,	1,	32,	'Tamil Nadu',	'Erode'),
(1256,	1,	32,	'Tamil Nadu',	'Gudalur'),
(1257,	1,	32,	'Tamil Nadu',	'Gudalur'),
(1258,	1,	32,	'Tamil Nadu',	'Gudalur'),
(1259,	1,	32,	'Tamil Nadu',	'Kanchipuram'),
(1260,	1,	32,	'Tamil Nadu',	'Karaikudi'),
(1261,	1,	32,	'Tamil Nadu',	'Karungal'),
(1262,	1,	32,	'Tamil Nadu',	'Karur'),
(1263,	1,	32,	'Tamil Nadu',	'Kollankodu'),
(1264,	1,	32,	'Tamil Nadu',	'Lalgudi'),
(1265,	1,	32,	'Tamil Nadu',	'Madurai'),
(1266,	1,	32,	'Tamil Nadu',	'Nagapattinam'),
(1267,	1,	32,	'Tamil Nadu',	'Nagercoil'),
(1268,	1,	32,	'Tamil Nadu',	'Namagiripettai'),
(1269,	1,	32,	'Tamil Nadu',	'Namakkal'),
(1270,	1,	32,	'Tamil Nadu',	'Nandivaram-Guduvancheri'),
(1271,	1,	32,	'Tamil Nadu',	'Nanjikottai'),
(1272,	1,	32,	'Tamil Nadu',	'Natham'),
(1273,	1,	32,	'Tamil Nadu',	'Nellikuppam'),
(1274,	1,	32,	'Tamil Nadu',	'Neyveli'),
(1275,	1,	32,	'Tamil Nadu',	'O\' Valley'),
(1276,	1,	32,	'Tamil Nadu',	'Oddanchatram'),
(1277,	1,	32,	'Tamil Nadu',	'P.N.Patti'),
(1278,	1,	32,	'Tamil Nadu',	'Pacode'),
(1279,	1,	32,	'Tamil Nadu',	'Padmanabhapuram'),
(1280,	1,	32,	'Tamil Nadu',	'Palani'),
(1281,	1,	32,	'Tamil Nadu',	'Palladam'),
(1282,	1,	32,	'Tamil Nadu',	'Pallapatti'),
(1283,	1,	32,	'Tamil Nadu',	'Pallikonda'),
(1284,	1,	32,	'Tamil Nadu',	'Panagudi'),
(1285,	1,	32,	'Tamil Nadu',	'Panruti'),
(1286,	1,	32,	'Tamil Nadu',	'Paramakudi'),
(1287,	1,	32,	'Tamil Nadu',	'Parangipettai'),
(1288,	1,	32,	'Tamil Nadu',	'Pattukkottai'),
(1289,	1,	32,	'Tamil Nadu',	'Perambalur'),
(1290,	1,	32,	'Tamil Nadu',	'Peravurani'),
(1291,	1,	32,	'Tamil Nadu',	'Periyakulam'),
(1292,	1,	32,	'Tamil Nadu',	'Periyasemur'),
(1293,	1,	32,	'Tamil Nadu',	'Pernampattu'),
(1294,	1,	32,	'Tamil Nadu',	'Pollachi'),
(1295,	1,	32,	'Tamil Nadu',	'Polur'),
(1296,	1,	32,	'Tamil Nadu',	'Ponneri'),
(1297,	1,	32,	'Tamil Nadu',	'Pudukkottai'),
(1298,	1,	32,	'Tamil Nadu',	'Pudupattinam'),
(1299,	1,	32,	'Tamil Nadu',	'Puliyankudi'),
(1300,	1,	32,	'Tamil Nadu',	'Punjaipugalur'),
(1301,	1,	32,	'Tamil Nadu',	'Rajapalayam'),
(1302,	1,	32,	'Tamil Nadu',	'Ramanathapuram'),
(1303,	1,	32,	'Tamil Nadu',	'Rameshwaram'),
(1304,	1,	32,	'Tamil Nadu',	'Rasipuram'),
(1305,	1,	32,	'Tamil Nadu',	'Salem'),
(1306,	1,	32,	'Tamil Nadu',	'Sankarankoil'),
(1307,	1,	32,	'Tamil Nadu',	'Sankari'),
(1308,	1,	32,	'Tamil Nadu',	'Sathyamangalam'),
(1309,	1,	32,	'Tamil Nadu',	'Sattur'),
(1310,	1,	32,	'Tamil Nadu',	'Shenkottai'),
(1311,	1,	32,	'Tamil Nadu',	'Sholavandan'),
(1312,	1,	32,	'Tamil Nadu',	'Sholingur'),
(1313,	1,	32,	'Tamil Nadu',	'Sirkali'),
(1314,	1,	32,	'Tamil Nadu',	'Sivaganga'),
(1315,	1,	32,	'Tamil Nadu',	'Sivagiri'),
(1316,	1,	32,	'Tamil Nadu',	'Sivakasi'),
(1317,	1,	32,	'Tamil Nadu',	'Srivilliputhur'),
(1318,	1,	32,	'Tamil Nadu',	'Surandai'),
(1319,	1,	32,	'Tamil Nadu',	'Suriyampalayam'),
(1320,	1,	32,	'Tamil Nadu',	'Tenkasi'),
(1321,	1,	32,	'Tamil Nadu',	'Thammampatti'),
(1322,	1,	32,	'Tamil Nadu',	'Thanjavur'),
(1323,	1,	32,	'Tamil Nadu',	'Tharamangalam'),
(1324,	1,	32,	'Tamil Nadu',	'Tharangambadi'),
(1325,	1,	32,	'Tamil Nadu',	'Theni Allinagaram'),
(1326,	1,	32,	'Tamil Nadu',	'Thirumangalam'),
(1327,	1,	32,	'Tamil Nadu',	'Thirunindravur'),
(1328,	1,	32,	'Tamil Nadu',	'Thiruparappu'),
(1329,	1,	32,	'Tamil Nadu',	'Thirupuvanam'),
(1330,	1,	32,	'Tamil Nadu',	'Thiruthuraipoondi'),
(1331,	1,	32,	'Tamil Nadu',	'Thiruvallur'),
(1332,	1,	32,	'Tamil Nadu',	'Thiruvarur'),
(1333,	1,	32,	'Tamil Nadu',	'Thoothukudi'),
(1334,	1,	32,	'Tamil Nadu',	'Thuraiyur'),
(1335,	1,	32,	'Tamil Nadu',	'Tindivanam'),
(1336,	1,	32,	'Tamil Nadu',	'Tiruchendur'),
(1337,	1,	32,	'Tamil Nadu',	'Tiruchengode'),
(1338,	1,	32,	'Tamil Nadu',	'Tiruchirappalli'),
(1339,	1,	32,	'Tamil Nadu',	'Tirukalukundram'),
(1340,	1,	32,	'Tamil Nadu',	'Tirukkoyilur'),
(1341,	1,	32,	'Tamil Nadu',	'Tirunelveli'),
(1342,	1,	32,	'Tamil Nadu',	'Tirupathur'),
(1343,	1,	32,	'Tamil Nadu',	'Tirupathur'),
(1344,	1,	32,	'Tamil Nadu',	'Tiruppur'),
(1345,	1,	32,	'Tamil Nadu',	'Tiruttani'),
(1346,	1,	32,	'Tamil Nadu',	'Tiruvannamalai'),
(1347,	1,	32,	'Tamil Nadu',	'Tiruvethipuram'),
(1348,	1,	32,	'Tamil Nadu',	'Tittakudi'),
(1349,	1,	32,	'Tamil Nadu',	'Udhagamandalam'),
(1350,	1,	32,	'Tamil Nadu',	'Udumalaipettai'),
(1351,	1,	32,	'Tamil Nadu',	'Unnamalaikadai'),
(1352,	1,	32,	'Tamil Nadu',	'Usilampatti'),
(1353,	1,	32,	'Tamil Nadu',	'Uthamapalayam'),
(1354,	1,	32,	'Tamil Nadu',	'Uthiramerur'),
(1355,	1,	32,	'Tamil Nadu',	'Vadakkuvalliyur'),
(1356,	1,	32,	'Tamil Nadu',	'Vadalur'),
(1357,	1,	32,	'Tamil Nadu',	'Vadipatti'),
(1358,	1,	32,	'Tamil Nadu',	'Valparai'),
(1359,	1,	32,	'Tamil Nadu',	'Vandavasi'),
(1360,	1,	32,	'Tamil Nadu',	'Vaniyambadi'),
(1361,	1,	32,	'Tamil Nadu',	'Vedaranyam'),
(1362,	1,	32,	'Tamil Nadu',	'Vellakoil'),
(1363,	1,	32,	'Tamil Nadu',	'Vellore'),
(1364,	1,	32,	'Tamil Nadu',	'Vikramasingapuram'),
(1365,	1,	32,	'Tamil Nadu',	'Viluppuram'),
(1366,	1,	32,	'Tamil Nadu',	'Virudhachalam'),
(1367,	1,	32,	'Tamil Nadu',	'Virudhunagar'),
(1368,	1,	32,	'Tamil Nadu',	'Viswanatham'),
(1369,	1,	33,	'Tamilnadu',	'Gingee'),
(1370,	1,	34,	'Tripura',	'Agartala'),
(1371,	1,	34,	'Tripura',	'Badharghat'),
(1372,	1,	34,	'Tripura',	'Dharmanagar'),
(1373,	1,	34,	'Tripura',	'Indranagar'),
(1374,	1,	34,	'Tripura',	'Jogendranagar'),
(1375,	1,	34,	'Tripura',	'Kailasahar'),
(1376,	1,	34,	'Tripura',	'Khowai'),
(1377,	1,	34,	'Tripura',	'Pratapgarh'),
(1378,	1,	34,	'Tripura',	'Udaipur'),
(1379,	1,	35,	'Uttar Pradesh',	'Achhnera'),
(1380,	1,	35,	'Uttar Pradesh',	'Adari'),
(1381,	1,	35,	'Uttar Pradesh',	'Agra'),
(1382,	1,	35,	'Uttar Pradesh',	'Aligarh'),
(1383,	1,	35,	'Uttar Pradesh',	'Allahabad'),
(1384,	1,	35,	'Uttar Pradesh',	'Amroha'),
(1385,	1,	35,	'Uttar Pradesh',	'Azamgarh'),
(1386,	1,	35,	'Uttar Pradesh',	'Badaun'),
(1387,	1,	35,	'Uttar Pradesh',	'Bahraich'),
(1388,	1,	35,	'Uttar Pradesh',	'Ballia'),
(1389,	1,	35,	'Uttar Pradesh',	'Balrampur'),
(1390,	1,	35,	'Uttar Pradesh',	'Banda'),
(1391,	1,	35,	'Uttar Pradesh',	'Bareilly'),
(1392,	1,	35,	'Uttar Pradesh',	'Bharthana'),
(1393,	1,	35,	'Uttar Pradesh',	'Bijnaur'),
(1394,	1,	35,	'Uttar Pradesh',	'Budaun'),
(1395,	1,	35,	'Uttar Pradesh',	'Bulandshahr'),
(1396,	1,	35,	'Uttar Pradesh',	'Chakeri'),
(1397,	1,	35,	'Uttar Pradesh',	'Chandausi'),
(1398,	1,	35,	'Uttar Pradesh',	'Charkhari'),
(1399,	1,	35,	'Uttar Pradesh',	'Dadri'),
(1400,	1,	35,	'Uttar Pradesh',	'Deoria'),
(1401,	1,	35,	'Uttar Pradesh',	'Etah'),
(1402,	1,	35,	'Uttar Pradesh',	'Etawah'),
(1403,	1,	35,	'Uttar Pradesh',	'Faizabad'),
(1404,	1,	35,	'Uttar Pradesh',	'Farrukhabad'),
(1405,	1,	35,	'Uttar Pradesh',	'Fatehabad'),
(1406,	1,	35,	'Uttar Pradesh',	'Fatehgarh'),
(1407,	1,	35,	'Uttar Pradesh',	'Fatehpur'),
(1408,	1,	35,	'Uttar Pradesh',	'Fatehpur'),
(1409,	1,	35,	'Uttar Pradesh',	'Fatehpur Chaurasi'),
(1410,	1,	35,	'Uttar Pradesh',	'Fatehpur Sikri'),
(1411,	1,	35,	'Uttar Pradesh',	'Firozabad'),
(1412,	1,	35,	'Uttar Pradesh',	'Ghatampur'),
(1413,	1,	35,	'Uttar Pradesh',	'Ghaziabad'),
(1414,	1,	35,	'Uttar Pradesh',	'Ghazipur'),
(1415,	1,	35,	'Uttar Pradesh',	'Gorakhpur'),
(1416,	1,	35,	'Uttar Pradesh',	'Greater Noida'),
(1417,	1,	35,	'Uttar Pradesh',	'Hamirpur'),
(1418,	1,	35,	'Uttar Pradesh',	'Hapur'),
(1419,	1,	35,	'Uttar Pradesh',	'Hardoi'),
(1420,	1,	35,	'Uttar Pradesh',	'Hastinapur'),
(1421,	1,	35,	'Uttar Pradesh',	'Hathras'),
(1422,	1,	35,	'Uttar Pradesh',	'Jais'),
(1423,	1,	35,	'Uttar Pradesh',	'Jajmau'),
(1424,	1,	35,	'Uttar Pradesh',	'Jaunpur'),
(1425,	1,	35,	'Uttar Pradesh',	'Jhansi'),
(1426,	1,	35,	'Uttar Pradesh',	'Kalpi'),
(1427,	1,	35,	'Uttar Pradesh',	'Kanpur'),
(1428,	1,	35,	'Uttar Pradesh',	'Kheri'),
(1429,	1,	35,	'Uttar Pradesh',	'Kota'),
(1430,	1,	35,	'Uttar Pradesh',	'Kulpahar'),
(1431,	1,	35,	'Uttar Pradesh',	'Laharpur'),
(1432,	1,	35,	'Uttar Pradesh',	'Lakhimpur'),
(1433,	1,	35,	'Uttar Pradesh',	'Lal Gopalganj Nindaura'),
(1434,	1,	35,	'Uttar Pradesh',	'Lalganj'),
(1435,	1,	35,	'Uttar Pradesh',	'Lalitpur'),
(1436,	1,	35,	'Uttar Pradesh',	'Lar'),
(1437,	1,	35,	'Uttar Pradesh',	'Loni'),
(1438,	1,	35,	'Uttar Pradesh',	'Lucknow*'),
(1439,	1,	35,	'Uttar Pradesh',	'Mahoba'),
(1440,	1,	35,	'Uttar Pradesh',	'Mathura'),
(1441,	1,	35,	'Uttar Pradesh',	'Meerut'),
(1442,	1,	35,	'Uttar Pradesh',	'Mirzapur'),
(1443,	1,	35,	'Uttar Pradesh',	'Modinagar'),
(1444,	1,	35,	'Uttar Pradesh',	'Moradabad'),
(1445,	1,	35,	'Uttar Pradesh',	'Muradnagar'),
(1446,	1,	35,	'Uttar Pradesh',	'Muzaffarnagar'),
(1447,	1,	35,	'Uttar Pradesh',	'Nagina'),
(1448,	1,	35,	'Uttar Pradesh',	'Najibabad'),
(1449,	1,	35,	'Uttar Pradesh',	'Nakur'),
(1450,	1,	35,	'Uttar Pradesh',	'Nanpara'),
(1451,	1,	35,	'Uttar Pradesh',	'Naraura'),
(1452,	1,	35,	'Uttar Pradesh',	'Naugawan Sadat'),
(1453,	1,	35,	'Uttar Pradesh',	'Nautanwa'),
(1454,	1,	35,	'Uttar Pradesh',	'Nawabganj'),
(1455,	1,	35,	'Uttar Pradesh',	'Nehtaur'),
(1456,	1,	35,	'Uttar Pradesh',	'Noida'),
(1457,	1,	35,	'Uttar Pradesh',	'Noorpur'),
(1458,	1,	35,	'Uttar Pradesh',	'Obra'),
(1459,	1,	35,	'Uttar Pradesh',	'Orai'),
(1460,	1,	35,	'Uttar Pradesh',	'Padrauna'),
(1461,	1,	35,	'Uttar Pradesh',	'Palia Kalan'),
(1462,	1,	35,	'Uttar Pradesh',	'Parasi'),
(1463,	1,	35,	'Uttar Pradesh',	'Phulpur'),
(1464,	1,	35,	'Uttar Pradesh',	'Pihani'),
(1465,	1,	35,	'Uttar Pradesh',	'Pilibhit'),
(1466,	1,	35,	'Uttar Pradesh',	'Pilkhuwa'),
(1467,	1,	35,	'Uttar Pradesh',	'Powayan'),
(1468,	1,	35,	'Uttar Pradesh',	'Pukhrayan'),
(1469,	1,	35,	'Uttar Pradesh',	'Puranpur'),
(1470,	1,	35,	'Uttar Pradesh',	'Purquazi'),
(1471,	1,	35,	'Uttar Pradesh',	'Purwa'),
(1472,	1,	35,	'Uttar Pradesh',	'Rae Bareli'),
(1473,	1,	35,	'Uttar Pradesh',	'Rampur'),
(1474,	1,	35,	'Uttar Pradesh',	'Rampur Maniharan'),
(1475,	1,	35,	'Uttar Pradesh',	'Rasra'),
(1476,	1,	35,	'Uttar Pradesh',	'Rath'),
(1477,	1,	35,	'Uttar Pradesh',	'Renukoot'),
(1478,	1,	35,	'Uttar Pradesh',	'Reoti'),
(1479,	1,	35,	'Uttar Pradesh',	'Robertsganj'),
(1480,	1,	35,	'Uttar Pradesh',	'Rudauli'),
(1481,	1,	35,	'Uttar Pradesh',	'Rudrapur'),
(1482,	1,	35,	'Uttar Pradesh',	'Sadabad'),
(1483,	1,	35,	'Uttar Pradesh',	'Safipur'),
(1484,	1,	35,	'Uttar Pradesh',	'Saharanpur'),
(1485,	1,	35,	'Uttar Pradesh',	'Sahaspur'),
(1486,	1,	35,	'Uttar Pradesh',	'Sahaswan'),
(1487,	1,	35,	'Uttar Pradesh',	'Sahawar'),
(1488,	1,	35,	'Uttar Pradesh',	'Sahjanwa'),
(1489,	1,	35,	'Uttar Pradesh',	'Saidpur'),
(1490,	1,	35,	'Uttar Pradesh',	'Sambhal'),
(1491,	1,	35,	'Uttar Pradesh',	'Samdhan'),
(1492,	1,	35,	'Uttar Pradesh',	'Samthar'),
(1493,	1,	35,	'Uttar Pradesh',	'Sandi'),
(1494,	1,	35,	'Uttar Pradesh',	'Sandila'),
(1495,	1,	35,	'Uttar Pradesh',	'Sardhana'),
(1496,	1,	35,	'Uttar Pradesh',	'Seohara'),
(1497,	1,	35,	'Uttar Pradesh',	'Shahabad, Hardoi'),
(1498,	1,	35,	'Uttar Pradesh',	'Shahabad, Rampur'),
(1499,	1,	35,	'Uttar Pradesh',	'Shahganj'),
(1500,	1,	35,	'Uttar Pradesh',	'Shahjahanpur'),
(1501,	1,	35,	'Uttar Pradesh',	'Shamli'),
(1502,	1,	35,	'Uttar Pradesh',	'Shamsabad, Agra'),
(1503,	1,	35,	'Uttar Pradesh',	'Shamsabad, Farrukhabad'),
(1504,	1,	35,	'Uttar Pradesh',	'Sherkot'),
(1505,	1,	35,	'Uttar Pradesh',	'Shikarpur, Bulandshahr'),
(1506,	1,	35,	'Uttar Pradesh',	'Shikohabad'),
(1507,	1,	35,	'Uttar Pradesh',	'Shishgarh'),
(1508,	1,	35,	'Uttar Pradesh',	'Siana'),
(1509,	1,	35,	'Uttar Pradesh',	'Sikanderpur'),
(1510,	1,	35,	'Uttar Pradesh',	'Sikandra Rao'),
(1511,	1,	35,	'Uttar Pradesh',	'Sikandrabad'),
(1512,	1,	35,	'Uttar Pradesh',	'Sirsaganj'),
(1513,	1,	35,	'Uttar Pradesh',	'Sirsi'),
(1514,	1,	35,	'Uttar Pradesh',	'Sitapur'),
(1515,	1,	35,	'Uttar Pradesh',	'Soron'),
(1516,	1,	35,	'Uttar Pradesh',	'Suar'),
(1517,	1,	35,	'Uttar Pradesh',	'Sultanpur'),
(1518,	1,	35,	'Uttar Pradesh',	'Sumerpur'),
(1519,	1,	35,	'Uttar Pradesh',	'Tanda'),
(1520,	1,	35,	'Uttar Pradesh',	'Tanda'),
(1521,	1,	35,	'Uttar Pradesh',	'Tetri Bazar'),
(1522,	1,	35,	'Uttar Pradesh',	'Thakurdwara'),
(1523,	1,	35,	'Uttar Pradesh',	'Thana Bhawan'),
(1524,	1,	35,	'Uttar Pradesh',	'Tilhar'),
(1525,	1,	35,	'Uttar Pradesh',	'Tirwaganj'),
(1526,	1,	35,	'Uttar Pradesh',	'Tulsipur'),
(1527,	1,	35,	'Uttar Pradesh',	'Tundla'),
(1528,	1,	35,	'Uttar Pradesh',	'Unnao'),
(1529,	1,	35,	'Uttar Pradesh',	'Utraula'),
(1530,	1,	35,	'Uttar Pradesh',	'Varanasi'),
(1531,	1,	35,	'Uttar Pradesh',	'Vrindavan'),
(1532,	1,	35,	'Uttar Pradesh',	'Warhapur'),
(1533,	1,	35,	'Uttar Pradesh',	'Zaidpur'),
(1534,	1,	35,	'Uttar Pradesh',	'Zamania'),
(1535,	1,	36,	'Uttarakhand',	'Almora'),
(1536,	1,	36,	'Uttarakhand',	'Bageshwar'),
(1537,	1,	36,	'Uttarakhand',	'Bazpur'),
(1538,	1,	36,	'Uttarakhand',	'Berinag'),
(1539,	1,	36,	'Uttarakhand',	'Chamba'),
(1540,	1,	36,	'Uttarakhand',	'Champawat'),
(1541,	1,	36,	'Uttarakhand',	'Chaukori'),
(1542,	1,	36,	'Uttarakhand',	'Dehradun'),
(1543,	1,	36,	'Uttarakhand',	'Haldwani'),
(1544,	1,	36,	'Uttarakhand',	'Haridwar'),
(1545,	1,	36,	'Uttarakhand',	'Jaspur'),
(1546,	1,	36,	'Uttarakhand',	'Kanda'),
(1547,	1,	36,	'Uttarakhand',	'Kashipur'),
(1548,	1,	36,	'Uttarakhand',	'kichha'),
(1549,	1,	36,	'Uttarakhand',	'Kotdwara'),
(1550,	1,	36,	'Uttarakhand',	'Manglaur'),
(1551,	1,	36,	'Uttarakhand',	'Mussoorie'),
(1552,	1,	36,	'Uttarakhand',	'Nagla'),
(1553,	1,	36,	'Uttarakhand',	'Nainital'),
(1554,	1,	36,	'Uttarakhand',	'Pauri'),
(1555,	1,	36,	'Uttarakhand',	'Pithoragarh'),
(1556,	1,	36,	'Uttarakhand',	'Ramnagar'),
(1557,	1,	36,	'Uttarakhand',	'Rishikesh'),
(1558,	1,	36,	'Uttarakhand',	'Roorkee'),
(1559,	1,	36,	'Uttarakhand',	'Rudrapur'),
(1560,	1,	36,	'Uttarakhand',	'Sitarganj'),
(1561,	1,	36,	'Uttarakhand',	'Tehri'),
(1562,	1,	36,	'Uttarakhand',	'Vijaypur'),
(1563,	1,	37,	'West Bengal',	'Adra'),
(1564,	1,	37,	'West Bengal',	'Alipurduar'),
(1565,	1,	37,	'West Bengal',	'Arambagh'),
(1566,	1,	37,	'West Bengal',	'Asansol'),
(1567,	1,	37,	'West Bengal',	'Baharampur'),
(1568,	1,	37,	'West Bengal',	'Bally'),
(1569,	1,	37,	'West Bengal',	'Balurghat'),
(1570,	1,	37,	'West Bengal',	'Bankura'),
(1571,	1,	37,	'West Bengal',	'Barakar'),
(1572,	1,	37,	'West Bengal',	'Barasat'),
(1573,	1,	37,	'West Bengal',	'Bardhaman'),
(1574,	1,	37,	'West Bengal',	'Barrackpur'),
(1575,	1,	37,	'West Bengal',	'Bidhan Nagar'),
(1576,	1,	37,	'West Bengal',	'Chinsura'),
(1577,	1,	37,	'West Bengal',	'Contai'),
(1578,	1,	37,	'West Bengal',	'Cooch Behar'),
(1579,	1,	37,	'West Bengal',	'Dalkhola'),
(1580,	1,	37,	'West Bengal',	'Darjeeling'),
(1581,	1,	37,	'West Bengal',	'Dhulian'),
(1582,	1,	37,	'West Bengal',	'Dumdum'),
(1583,	1,	37,	'West Bengal',	'Durgapur'),
(1584,	1,	37,	'West Bengal',	'Haldia'),
(1585,	1,	37,	'West Bengal',	'Howrah'),
(1586,	1,	37,	'West Bengal',	'Hugli-Chuchura'),
(1587,	1,	37,	'West Bengal',	'Islampur'),
(1588,	1,	37,	'West Bengal',	'Jalpaiguri'),
(1589,	1,	37,	'West Bengal',	'Jhargram'),
(1590,	1,	37,	'West Bengal',	'Kalimpong'),
(1591,	1,	37,	'West Bengal',	'Kharagpur'),
(1592,	1,	37,	'West Bengal',	'Kolkata'),
(1593,	1,	37,	'West Bengal',	'Konnagar'),
(1594,	1,	37,	'West Bengal',	'Krishnanagar'),
(1595,	1,	37,	'West Bengal',	'Mainaguri'),
(1596,	1,	37,	'West Bengal',	'Mal'),
(1597,	1,	37,	'West Bengal',	'Mathabhanga'),
(1598,	1,	37,	'West Bengal',	'Medinipur'),
(1599,	1,	37,	'West Bengal',	'Memari'),
(1600,	1,	37,	'West Bengal',	'Monoharpur'),
(1601,	1,	37,	'West Bengal',	'Murshidabad'),
(1602,	1,	37,	'West Bengal',	'Nabadwip'),
(1603,	1,	37,	'West Bengal',	'Naihati'),
(1604,	1,	37,	'West Bengal',	'Panchla'),
(1605,	1,	37,	'West Bengal',	'Pandua'),
(1606,	1,	37,	'West Bengal',	'Paschim Punropara'),
(1607,	1,	37,	'West Bengal',	'Purulia'),
(1608,	1,	37,	'West Bengal',	'Raghunathganj'),
(1609,	1,	37,	'West Bengal',	'Raghunathpur'),
(1610,	1,	37,	'West Bengal',	'Raiganj'),
(1611,	1,	37,	'West Bengal',	'Rampurhat'),
(1612,	1,	37,	'West Bengal',	'Ranaghat'),
(1613,	1,	37,	'West Bengal',	'Sainthia'),
(1614,	1,	37,	'West Bengal',	'Santipur'),
(1615,	1,	37,	'West Bengal',	'Siliguri'),
(1616,	1,	37,	'West Bengal',	'Sonamukhi'),
(1617,	1,	37,	'West Bengal',	'Srirampore'),
(1618,	1,	37,	'West Bengal',	'Suri'),
(1619,	1,	37,	'West Bengal',	'Taki'),
(1620,	1,	37,	'West Bengal',	'Tamluk'),
(1621,	1,	37,	'West Bengal',	'Tarakeswar'),
(1622,	5,	38,	NULL,	'Kotte'),
(1623,	5,	38,	NULL,	'Kulusekara'),
(1624,	1,	22,	'Maharashtra',	'Beed'),
(1625,	1,	30,	'Rajasthan',	'AJITGARH'),
(1626,	1,	30,	'Rajasthan',	'Sikandra Mod'),
(1627,	1,	30,	'Rajasthan',	'CHOMU'),
(1628,	1,	30,	'Rajasthan',	'PAVTA'),
(1629,	1,	30,	'Rajasthan',	'SUKHADIYA CIRCLE'),
(1630,	1,	30,	'Rajasthan',	'KARANPUR'),
(1631,	1,	30,	'Rajasthan',	'PADMPUR'),
(1632,	1,	30,	'Rajasthan',	'SAWAR'),
(1633,	1,	30,	'Rajasthan',	'GULAB.P.CHO'),
(1634,	1,	30,	'Rajasthan',	'BIJOLIYA'),
(1635,	1,	30,	'Rajasthan',	'AJMER CHORAHA'),
(1636,	1,	30,	'Rajasthan',	'Masuda'),
(1637,	1,	30,	'Rajasthan',	'BAR'),
(1638,	1,	30,	'Rajasthan',	'BHERUNDA'),
(1639,	1,	30,	'Rajasthan',	'PADU'),
(1640,	1,	30,	'Rajasthan',	'Kethun'),
(1641,	1,	30,	'Rajasthan',	'KHARIYA'),
(1643,	1,	30,	'Rajasthan',	'Dara'),
(1644,	1,	30,	'Rajasthan',	'Sangod'),
(1645,	1,	30,	'Rajasthan',	'aklera'),
(1646,	1,	30,	'Rajasthan',	'khanpur'),
(1647,	1,	30,	'Rajasthan',	'Aburoad'),
(1648,	1,	30,	'Rajasthan',	'JADOL'),
(1649,	1,	30,	'Rajasthan',	'Bundi'),
(1650,	1,	30,	'Rajasthan',	'Deoli'),
(1651,	1,	30,	'Rajasthan',	'Chaurau'),
(1652,	1,	30,	'Rajasthan',	'SALUMBAR'),
(1653,	1,	30,	'Rajasthan',	'DHOLPUR'),
(1654,	1,	30,	'Rajasthan',	'AGRA'),
(1655,	1,	30,	'Rajasthan',	'BILARA'),
(1656,	1,	30,	'Rajasthan',	'SALUMBAR'),
(1657,	1,	30,	'Rajasthan',	'KUSHALGARH'),
(1658,	1,	30,	'Rajasthan',	'INDORE'),
(1659,	1,	30,	'Rajasthan',	'MANDSOR '),
(1660,	1,	30,	'Rajasthan',	'NIMUCH'),
(1661,	1,	30,	'Rajasthan',	'MANGALWAR'),
(1662,	1,	30,	'Rajasthan',	'GWALIOR'),
(1663,	1,	30,	'Rajasthan',	'Delhi'),
(1664,	1,	30,	'Rajasthan',	'MAVLI'),
(1665,	1,	30,	'Rajasthan',	'CHITTORGARH'),
(1666,	1,	21,	'Madhya pradesh',	'MANDSOR'),
(1667,	1,	21,	'Madhya pradesh',	'NIMUCH'),
(1668,	1,	30,	'Rajasthan',	'DHAULPUR'),
(1669,	1,	30,	'Rajasthan',	'GANGANAGAR'),
(1670,	1,	30,	'Rajasthan',	'DIDWANA'),
(1671,	1,	30,	'Rajasthan',	'HINDAUN'),
(1672,	1,	30,	'Rajasthan',	'KAROLI'),
(1673,	1,	30,	'Rajasthan',	'DUNGARPUR'),
(1674,	1,	30,	'Rajasthan',	'KHETRI'),
(1675,	1,	30,	'Rajasthan',	'KHIVSER'),
(1676,	1,	30,	'Rajasthan',	'NAGOUR'),
(1677,	1,	30,	'Rajasthan',	'SWAI MADHOPUR'),
(1678,	1,	30,	'Rajasthan',	'DEI'),
(1679,	1,	30,	'Rajasthan',	'GOGUNDA'),
(1680,	1,	30,	'Rajasthan',	'BHOPAL'),
(1681,	1,	30,	'Rajasthan',	'Dausa'),
(1682,	1,	30,	'Rajasthan',	'FALASIYA'),
(1683,	1,	30,	'Rajasthan',	'JAIPUR'),
(1684,	1,	30,	'Rajasthan',	'DHARIYAVAD'),
(1685,	1,	30,	'Rajasthan',	'PADAMPURA');

DROP TABLE IF EXISTS `complaints`;
CREATE TABLE `complaints` (
  `id` int(11) NOT NULL AUTO_INCREMENT,
  `user_id` varchar(10) NOT NULL,
  `society_id` varchar(10) NOT NULL,
  `complaint_type` varchar(100) NOT NULL,
  `complaint_details` varchar(500) NOT NULL,
  `admin_remark` varchar(500) NOT NULL,
  `is_solved` enum('Y','N') NOT NULL DEFAULT 'N',
  `updated_date` timestamp NOT NULL DEFAULT '0000-00-00 00:00:00',
  `created_date` timestamp NOT NULL DEFAULT CURRENT_TIMESTAMP ON UPDATE CURRENT_TIMESTAMP,
  PRIMARY KEY (`id`)
) ENGINE=InnoDB DEFAULT CHARSET=latin1;

INSERT INTO `complaints` (`id`, `user_id`, `society_id`, `complaint_type`, `complaint_details`, `admin_remark`, `is_solved`, `updated_date`, `created_date`) VALUES
(1,	'2',	'1',	'HEllo',	'Hey',	'',	'N',	'0000-00-00 00:00:00',	'2018-03-28 06:49:38'),
(2,	'3',	'1',	'HElloqw',	'eqwq',	'yes \r\n',	'Y',	'0000-00-00 00:00:00',	'2018-03-15 04:55:06'),
(8,	'3',	'1',	'complaint',	'complaint',	'done',	'Y',	'0000-00-00 00:00:00',	'2018-03-27 12:51:28'),
(9,	'3',	'1',	'complaint',	'hello',	'hello',	'Y',	'0000-00-00 00:00:00',	'2018-03-26 07:22:40'),
(10,	'14',	'6',	'plumbing',	'xyz',	'',	'N',	'0000-00-00 00:00:00',	'2018-03-28 10:53:05'),
(11,	'3',	'1',	'plumbing',	'complaint',	'',	'N',	'0000-00-00 00:00:00',	'2018-03-28 10:57:01');

DROP TABLE IF EXISTS `country_master`;
CREATE TABLE `country_master` (
  `intCountryId` int(11) unsigned NOT NULL AUTO_INCREMENT,
  `stCountryName` varchar(100) DEFAULT NULL,
  PRIMARY KEY (`intCountryId`),
  KEY `stCountryName` (`stCountryName`)
) ENGINE=InnoDB DEFAULT CHARSET=latin1;

INSERT INTO `country_master` (`intCountryId`, `stCountryName`) VALUES
(1,	'India');

DROP TABLE IF EXISTS `document_collection`;
CREATE TABLE `document_collection` (
  `id` int(11) NOT NULL AUTO_INCREMENT,
  `coming_from` varchar(225) NOT NULL,
  `address_to` varchar(225) NOT NULL,
  `society_id` int(11) NOT NULL,
  `document_name` varchar(225) NOT NULL DEFAULT 'NULL',
  `date` varchar(25) NOT NULL,
  `handover_to` varchar(225) NOT NULL,
  `document_view` enum('N','Y') NOT NULL DEFAULT 'N',
  `created_by` varchar(10) NOT NULL,
  `created_at` timestamp NOT NULL DEFAULT CURRENT_TIMESTAMP ON UPDATE CURRENT_TIMESTAMP,
  PRIMARY KEY (`id`)
) ENGINE=InnoDB DEFAULT CHARSET=latin1;

INSERT INTO `document_collection` (`id`, `coming_from`, `address_to`, `society_id`, `document_name`, `date`, `handover_to`, `document_view`, `created_by`, `created_at`) VALUES
(1,	'Unity club',	'62',	2,	'Bank',	'2018-12-03',	'sima',	'Y',	'5',	'2018-03-29 09:22:11'),
(2,	'Cricket',	'62',	2,	'LIC',	'2018-07-03',	'sima',	'Y',	'5',	'2018-03-30 06:06:53'),
(3,	'Sonali Wazgh',	'62',	2,	'Office',	'0000-00-00',	'Pooja',	'Y',	'5',	'2018-03-29 09:41:41'),
(4,	'priya',	'62',	2,	'COMEDY',	'0000-00-00',	'sayali',	'Y',	'5',	'2018-03-29 10:20:01'),
(5,	'Unity club',	'65',	2,	'asadsd',	'2018-05-03',	'sima',	'N',	'5',	'2018-03-30 06:05:02'),
(6,	'Certificate',	'65',	2,	'MSCIT',	'2018-05-03',	'ashok',	'Y',	'5',	'2018-03-30 06:05:22'),
(9,	'sonali',	'65',	2,	'LIC POLICY',	'2018-06-03',	'sima',	'Y',	'5',	'2018-03-30 06:03:26'),
(10,	'vrinda',	'65',	2,	'LIC',	'2018-07-03',	'sima',	'N',	'5',	'2018-03-30 06:44:05'),
(11,	'Unity club',	'62',	2,	'SONGS',	'2018-04-03',	'asasassss',	'Y',	'5',	'2018-03-30 08:42:42'),
(12,	'Unity club',	'62',	2,	'saa',	'0000-00-00',	'sima',	'Y',	'5',	'2018-03-30 08:42:48'),
(13,	'asasasa',	'5',	2,	'LIC',	'0000-00-00',	'sas',	'N',	'5',	'2018-03-30 07:14:27'),
(14,	'Unity club',	'62',	2,	'asasas',	'0000-00-00',	'asasa',	'N',	'5',	'2018-03-30 07:15:26'),
(15,	'Harsha',	'65',	2,	'Pooja',	'0000-00-00',	'sima',	'N',	'5',	'2018-03-30 07:19:18'),
(16,	'Unity club',	'5',	2,	'asasas',	'0000-00-00',	'sima',	'N',	'5',	'2018-03-30 07:21:55'),
(17,	'Unity club',	'62',	2,	'asas',	'2017-13-11',	'sima',	'N',	'5',	'2018-03-30 07:28:39'),
(18,	'zasasas',	'62',	2,	'asasasas',	'29-11-2017',	'sima',	'N',	'5',	'2018-03-30 07:30:07');

DROP TABLE IF EXISTS `event_master`;
CREATE TABLE `event_master` (
  `eid` int(11) unsigned NOT NULL AUTO_INCREMENT,
  `title` varchar(255) DEFAULT NULL,
  `start` datetime DEFAULT CURRENT_TIMESTAMP,
  `end` datetime DEFAULT CURRENT_TIMESTAMP ON UPDATE CURRENT_TIMESTAMP,
  `society_id` int(11) DEFAULT NULL,
  PRIMARY KEY (`eid`)
) ENGINE=InnoDB DEFAULT CHARSET=latin1;

INSERT INTO `event_master` (`eid`, `title`, `start`, `end`, `society_id`) VALUES
(7,	'pooja',	'2018-03-16 06:30:00',	'2018-03-14 18:13:14',	4),
(12,	'vrinda',	'2018-03-13 06:00:00',	'2018-03-13 18:00:00',	NULL),
(14,	'4',	'2018-03-14 01:13:14',	'2018-03-14 18:13:14',	4),
(17,	'asd',	'2018-03-20 12:30:00',	'2018-03-20 05:30:00',	0),
(19,	'vrinda kharinar',	'2018-03-13 12:30:00',	'1970-01-01 12:30:00',	0),
(20,	'ghghhgfgf',	'2018-03-14 01:00:00',	'2018-03-15 05:30:00',	0),
(21,	'1233333',	'2018-03-15 00:00:00',	'2018-03-17 00:00:00',	0),
(25,	'testing',	'2018-03-10 00:00:00',	'1970-01-01 00:00:00',	0),
(27,	'Testing',	'2018-03-19 09:00:00',	'2018-03-19 01:00:00',	0),
(44,	'aaaaaaa',	'2018-03-28 13:30:00',	'2018-03-28 17:00:00',	0),
(45,	'asss',	'2018-03-29 12:30:00',	'2018-03-29 04:30:00',	0),
(47,	'jayvant',	'2018-03-30 01:00:00',	'2018-03-30 08:30:00',	0),
(48,	'jayvant',	'2018-03-20 03:30:00',	'2018-03-20 06:30:00',	2),
(49,	'jay',	'2018-03-20 00:00:00',	'2018-03-20 00:00:00',	1),
(50,	'bhvhgvghv',	'2018-03-15 00:00:00',	'2018-03-15 00:00:00',	1),
(54,	'asadsd',	'2018-03-14 01:30:00',	'2018-03-14 05:30:00',	2),
(56,	'e',	'2018-03-01 00:00:00',	'2018-03-01 00:00:00',	1),
(57,	'eee',	'2018-03-02 00:00:00',	'2018-03-02 00:00:00',	1),
(58,	'rtyty',	'2018-03-03 00:00:00',	'2018-03-03 00:00:00',	1),
(59,	'good friday',	'2018-03-27 00:00:00',	'2018-03-27 00:00:00',	1),
(60,	'Test',	'2018-03-28 02:00:00',	'2018-03-31 12:30:00',	1);

DROP TABLE IF EXISTS `facility_master`;
CREATE TABLE `facility_master` (
  `id` int(11) NOT NULL AUTO_INCREMENT,
  `society_id` int(11) NOT NULL,
  `facility_name` varchar(200) NOT NULL,
  `adult_charges` varchar(50) NOT NULL,
  `child_charges` varchar(50) NOT NULL,
  `maintenance_cost` varchar(100) NOT NULL,
  `is_deleted` enum('Y','N') NOT NULL,
  `updated_by` int(10) NOT NULL,
  `updated_date` timestamp NOT NULL ON UPDATE CURRENT_TIMESTAMP,
  `created_by` int(10) NOT NULL,
  `created_at` timestamp NOT NULL DEFAULT CURRENT_TIMESTAMP ON UPDATE CURRENT_TIMESTAMP,
  PRIMARY KEY (`id`)
) ENGINE=InnoDB DEFAULT CHARSET=latin1;

INSERT INTO `facility_master` (`id`, `society_id`, `facility_name`, `adult_charges`, `child_charges`, `maintenance_cost`, `is_deleted`, `updated_by`, `updated_date`, `created_by`, `created_at`) VALUES
(1,	0,	'Gym',	'1000',	'100',	'5000',	'N',	0,	'0000-00-00 00:00:00',	0,	'2018-03-26 08:40:26'),
(2,	0,	'swimming pool',	'400',	'200',	'1000',	'Y',	0,	'2018-03-26 10:09:34',	0,	'2018-03-26 10:09:34'),
(3,	0,	'garden',	'300',	'200',	'5000',	'Y',	0,	'2018-03-29 05:14:45',	0,	'2018-03-29 05:14:45'),
(4,	0,	'garden1',	'100',	'100',	'1000',	'N',	0,	'0000-00-00 00:00:00',	0,	'2018-03-26 10:31:58'),
(5,	0,	'garden1',	'100',	'100',	'1000',	'N',	0,	'0000-00-00 00:00:00',	0,	'2018-03-26 10:36:56'),
(6,	0,	'garden1',	'100',	'100',	'1000',	'N',	0,	'0000-00-00 00:00:00',	0,	'2018-03-26 10:37:31'),
(7,	0,	'garden1',	'100',	'100',	'1000',	'N',	0,	'0000-00-00 00:00:00',	0,	'2018-03-26 10:40:55'),
(8,	0,	'',	'',	'',	'',	'Y',	0,	'2018-03-26 11:41:46',	0,	'2018-03-26 11:41:46'),
(9,	1,	'',	'',	'',	'',	'Y',	0,	'2018-03-30 11:52:12',	0,	'2018-03-30 11:52:12'),
(10,	1,	'we',	'',	'',	'',	'Y',	0,	'2018-03-30 11:52:14',	0,	'2018-03-30 11:52:14'),
(11,	1,	'',	'',	'',	'',	'Y',	0,	'2018-03-30 11:52:17',	0,	'2018-03-30 11:52:17'),
(12,	1,	'',	'',	'',	'',	'N',	0,	'0000-00-00 00:00:00',	0,	'2018-03-26 11:11:55'),
(13,	4,	'garden',	'',	'',	'',	'N',	0,	'2018-03-27 07:32:12',	0,	'2018-03-27 07:32:12'),
(14,	4,	'garden',	'',	'',	'',	'N',	0,	'2018-03-27 07:32:25',	0,	'2018-03-27 07:32:25'),
(15,	1,	'we',	'',	'',	'',	'N',	0,	'2018-03-27 07:15:46',	0,	'2018-03-27 07:15:46'),
(16,	1,	'',	'',	'',	'',	'N',	0,	'0000-00-00 00:00:00',	0,	'2018-03-26 11:13:15'),
(17,	1,	'we',	'',	'',	'',	'N',	0,	'0000-00-00 00:00:00',	0,	'2018-03-26 11:29:31'),
(18,	0,	'yu',	'',	'',	'',	'Y',	0,	'2018-03-27 07:23:51',	0,	'2018-03-27 07:23:51'),
(19,	1,	'hjn',	'',	'',	'',	'N',	0,	'0000-00-00 00:00:00',	0,	'2018-03-31 09:23:22');

DROP TABLE IF EXISTS `facilty`;
CREATE TABLE `facilty` (
  `id` int(11) NOT NULL AUTO_INCREMENT,
  `society_id` int(10) NOT NULL,
  `user_id` int(10) NOT NULL,
  `facilty_id` int(10) NOT NULL,
  `total_member` varchar(100) NOT NULL,
  `adult_count` varchar(100) NOT NULL,
  `child_count` varchar(100) NOT NULL,
  `total_fees` varchar(100) NOT NULL,
  `updated_by` int(10) NOT NULL,
  `updated_at` timestamp NOT NULL DEFAULT CURRENT_TIMESTAMP,
  `created_by` int(10) NOT NULL,
  `created_at` timestamp NOT NULL DEFAULT '0000-00-00 00:00:00' ON UPDATE CURRENT_TIMESTAMP,
  PRIMARY KEY (`id`)
) ENGINE=InnoDB DEFAULT CHARSET=latin1;

INSERT INTO `facilty` (`id`, `society_id`, `user_id`, `facilty_id`, `total_member`, `adult_count`, `child_count`, `total_fees`, `updated_by`, `updated_at`, `created_by`, `created_at`) VALUES
(1,	1,	17,	3,	'3',	'2',	'1',	'800',	0,	'2018-03-27 08:46:30',	0,	'2018-03-27 11:08:09');

DROP TABLE IF EXISTS `groups`;
CREATE TABLE `groups` (
  `id` mediumint(8) unsigned NOT NULL AUTO_INCREMENT,
  `name` varchar(80) NOT NULL,
  `description` varchar(100) NOT NULL,
  `status` enum('0','1') NOT NULL DEFAULT '0',
  `deleted` enum('0','1') NOT NULL DEFAULT '0',
  PRIMARY KEY (`id`)
) ENGINE=InnoDB DEFAULT CHARSET=utf8;

INSERT INTO `groups` (`id`, `name`, `description`, `status`, `deleted`) VALUES
(1,	'Superadmin',	'Superadmin',	'0',	'0'),
(2,	'society_superuser',	'society_superuser',	'0',	'0'),
(3,	'society_admin',	'society_admin',	'0',	'0'),
(4,	'society_member',	'society_member',	'0',	'0');

DROP TABLE IF EXISTS `house_master`;
CREATE TABLE `house_master` (
  `id` int(11) NOT NULL AUTO_INCREMENT,
  `society_id` int(11) NOT NULL,
  `wing` varchar(20) DEFAULT NULL,
  `block` varchar(20) NOT NULL,
  `house_type` varchar(20) NOT NULL,
  `on_lease` enum('N','Y') NOT NULL,
  `allocated` enum('N','Y') NOT NULL DEFAULT 'N',
  `details` varchar(200) NOT NULL,
  `is_deleted` enum('N','Y') NOT NULL DEFAULT 'N',
  `house_picture` varchar(100) NOT NULL,
  `updated_by` int(11) NOT NULL,
  `updated_date` timestamp NOT NULL,
  `created_by` int(11) NOT NULL,
  `created_date` timestamp NOT NULL DEFAULT CURRENT_TIMESTAMP ON UPDATE CURRENT_TIMESTAMP,
  PRIMARY KEY (`id`)
) ENGINE=InnoDB DEFAULT CHARSET=latin1;

INSERT INTO `house_master` (`id`, `society_id`, `wing`, `block`, `house_type`, `on_lease`, `allocated`, `details`, `is_deleted`, `house_picture`, `updated_by`, `updated_date`, `created_by`, `created_date`) VALUES
(1,	1,	NULL,	'100',	'2BHK',	'N',	'Y',	'qwe',	'N',	'_100.',	2,	'2018-03-15 09:33:01',	2,	'2018-03-30 05:50:34'),
(2,	1,	NULL,	'',	'1BHK',	'N',	'Y',	'',	'Y',	'_.',	2,	'2018-03-15 09:33:03',	2,	'2018-03-27 10:40:50'),
(4,	4,	NULL,	'101',	'1BHK',	'N',	'N',	'good',	'Y',	'_101.',	1,	'2018-03-15 09:33:08',	1,	'2018-03-15 11:36:43'),
(5,	5,	'A',	'101',	'1BHK',	'N',	'Y',	'good',	'Y',	'_101.',	1,	'2018-03-15 09:33:30',	1,	'2018-03-20 08:44:54'),
(6,	5,	'A',	'102',	'2BHK',	'N',	'Y',	'',	'Y',	'_102.',	1,	'2018-03-15 09:33:31',	1,	'2018-03-27 10:54:04'),
(7,	5,	'A',	'103',	'3BHK',	'N',	'N',	'excellent',	'Y',	'_103.',	1,	'2018-03-15 09:33:32',	1,	'2018-03-15 11:36:43'),
(8,	6,	'B',	'101',	'1BHK',	'N',	'Y',	'good',	'Y',	'_101.',	13,	'2018-03-15 09:33:40',	13,	'2018-03-15 11:36:43'),
(9,	6,	'B',	'102',	'1BHK',	'N',	'Y',	'acb',	'Y',	'_102.',	13,	'2018-03-15 09:33:41',	13,	'2018-03-15 11:36:43'),
(10,	6,	'A',	'201',	'2BHK',	'N',	'Y',	'good',	'Y',	'sealink2_201.jpg',	13,	'2018-03-15 09:33:49',	13,	'2018-03-26 11:09:09'),
(11,	6,	'A',	'301',	'2BHK',	'N',	'N',	'',	'Y',	'society3_301.jpg',	13,	'2018-03-15 09:33:51',	13,	'2018-03-15 11:36:43'),
(14,	7,	'A',	'12',	'1BHK',	'N',	'Y',	'good',	'Y',	'New Born Baby Photo Shoot_12.jpg',	1,	'2018-03-15 11:33:15',	1,	'2018-03-17 06:51:00'),
(17,	5,	'B',	'202',	'2BHK',	'N',	'N',	'',	'Y',	'sealink3_202.jpg',	1,	'2018-03-15 11:33:46',	1,	'2018-03-27 05:32:30'),
(18,	5,	'B',	'202',	'2BHK',	'N',	'N',	'',	'Y',	'sealink3_202.jpg',	1,	'2018-03-15 11:33:47',	1,	'2018-03-27 05:32:36'),
(19,	5,	'B',	'301',	'1BHK',	'N',	'N',	'',	'N',	'sealink3_301.jpg',	1,	'2018-03-15 12:33:01',	1,	'2018-03-15 12:33:01'),
(20,	8,	NULL,	'102',	'1BHK',	'N',	'Y',	'',	'Y',	'_102.',	17,	'2018-03-16 05:33:35',	17,	'2018-03-20 09:08:04'),
(21,	8,	NULL,	'101',	'1BHK',	'N',	'Y',	'',	'Y',	'_101.',	17,	'2018-03-16 05:33:35',	17,	'2018-03-20 09:08:11'),
(22,	2,	'B',	'101',	'1BHK',	'N',	'N',	'Excellent',	'N',	'_101.',	1,	'2018-03-16 14:33:21',	1,	'2018-03-16 14:33:21'),
(23,	9,	'A',	'101',	'1BHK',	'N',	'Y',	'good',	'N',	'sealink2_101.jpg',	1,	'2018-03-17 06:33:14',	1,	'2018-03-17 06:47:01'),
(24,	5,	'B',	'-1',	'1BHK',	'N',	'N',	'saas',	'N',	'society3_-1.jpg',	1,	'2018-03-26 12:33:58',	1,	'2018-03-26 12:33:58'),
(25,	1,	'a',	'2',	'1BHK',	'N',	'Y',	'',	'Y',	'_2.',	1,	'2018-03-19 10:33:21',	1,	'2018-03-19 16:19:50'),
(26,	2,	'A',	'601',	'1BHK',	'N',	'Y',	'good',	'Y',	'society3_601.jpg',	1,	'2018-03-19 15:33:41',	1,	'2018-03-19 16:18:33'),
(27,	13,	'A',	'201',	'2BHK',	'N',	'Y',	'excellent',	'N',	'society1_201.gif',	1,	'2018-03-27 05:33:09',	1,	'2018-03-27 05:43:20'),
(28,	13,	'A',	'101',	'1BHK',	'N',	'Y',	'good',	'N',	'society3_101.jpg',	25,	'2018-03-27 05:33:23',	25,	'2018-03-27 05:58:19'),
(29,	14,	'',	'101',	'2BHK',	'N',	'Y',	'',	'N',	'_101.',	27,	'2018-03-27 05:33:26',	27,	'2018-03-27 05:58:01'),
(30,	14,	'',	'102',	'1BHK',	'N',	'N',	'',	'N',	'_102.',	27,	'2018-03-27 05:33:26',	27,	'2018-03-27 05:33:26'),
(31,	14,	'',	'103',	'3BHK',	'N',	'N',	'',	'N',	'_103.',	27,	'2018-03-27 05:33:27',	27,	'2018-03-27 05:33:27'),
(32,	15,	'A',	'101',	'2BHK',	'N',	'Y',	'good',	'N',	'sealink2_101.jpg',	30,	'2018-03-27 10:33:15',	30,	'2018-03-27 10:46:31'),
(33,	16,	'A',	'101',	'2BHK',	'N',	'Y',	'good',	'N',	'society3_101.jpg',	37,	'2018-03-27 10:33:27',	37,	'2018-03-27 10:58:38'),
(34,	1,	'B',	'101',	'2BHK',	'N',	'Y',	'',	'N',	'_101.',	2,	'2018-03-27 12:33:18',	2,	'2018-03-30 06:00:05'),
(35,	18,	'A',	'101',	'1BHK',	'N',	'N',	'excellent',	'Y',	'society3_101.jpg',	1,	'2018-03-27 14:33:39',	1,	'2018-03-27 15:12:20'),
(36,	18,	'B',	'101',	'2BHK',	'N',	'Y',	'excellent',	'N',	'lion_B101.jpeg',	1,	'2018-03-27 14:33:46',	1,	'2018-03-27 15:18:43'),
(37,	18,	'B',	'102',	'2BHK',	'N',	'N',	'good',	'N',	'_102.',	189,	'2018-03-28 05:33:53',	189,	'2018-03-28 05:33:53'),
(38,	18,	'B',	'103',	'1BHK',	'N',	'N',	'excellent',	'N',	'_103.',	189,	'2018-03-28 05:33:53',	189,	'2018-03-28 05:33:53'),
(39,	2,	'B',	'1',	'2BHK',	'N',	'Y',	'asss',	'N',	'_1.',	1,	'2018-03-28 11:33:48',	1,	'2018-03-29 10:35:48'),
(40,	2,	'A',	'420',	'1BHK',	'N',	'N',	'TESt',	'N',	'',	153,	'2018-03-28 12:33:44',	153,	'2018-03-28 12:33:44'),
(41,	19,	'A',	'101',	'2BHK',	'N',	'N',	'good',	'N',	'society2_101.jpg',	60,	'2018-03-28 14:33:55',	60,	'2018-03-28 14:33:55'),
(42,	19,	'A',	'101',	'1BHK',	'N',	'N',	'',	'Y',	'_101.',	60,	'2018-03-28 14:33:55',	60,	'2018-03-28 15:25:59'),
(43,	19,	'A',	'101',	'1BHK',	'N',	'Y',	'',	'Y',	'_101.',	60,	'2018-03-28 14:33:56',	60,	'2018-03-31 13:52:47'),
(44,	19,	'A',	'101',	'1BHK',	'N',	'N',	'',	'Y',	'_101.',	60,	'2018-03-28 14:33:56',	60,	'2018-03-28 15:26:52'),
(45,	19,	'A',	'101',	'1BHK',	'N',	'N',	'',	'Y',	'_101.',	60,	'2018-03-28 15:33:00',	60,	'2018-03-28 15:30:35'),
(46,	19,	'A',	'101',	'1BHK',	'N',	'N',	'',	'Y',	'_101.',	60,	'2018-03-28 15:33:00',	60,	'2018-03-28 15:31:12'),
(47,	19,	'A',	'101',	'2BHK',	'N',	'N',	'good',	'Y',	'_101.',	60,	'2018-03-28 15:33:04',	60,	'2018-03-28 15:34:45'),
(48,	19,	'A',	'102',	'2BHK',	'N',	'N',	'good',	'N',	'_102.',	60,	'2018-03-28 15:33:10',	60,	'2018-03-28 15:33:10'),
(49,	20,	'A',	'101',	'2BHK',	'N',	'N',	'good',	'N',	'_101.',	1,	'2018-03-29 05:33:32',	1,	'2018-03-29 05:33:32'),
(50,	1,	'A',	'111',	'1BHK',	'N',	'N',	'house is on 1 st floor',	'N',	'',	2,	'2018-03-29 06:33:10',	2,	'2018-03-29 06:33:10'),
(51,	1,	'A',	'111',	'1BHK',	'N',	'N',	'house is on 1 st floor',	'Y',	'',	2,	'2018-03-29 06:33:10',	2,	'2018-03-29 08:15:08'),
(52,	1,	'A',	'121',	'1BHK',	'N',	'Y',	'balcony view plus  large windows',	'N',	'',	2,	'2018-03-29 06:33:15',	2,	'2018-03-30 07:18:39'),
(53,	21,	'A',	'101',	'2BHK',	'N',	'Y',	'good',	'N',	'_101.',	1,	'2018-03-29 08:33:11',	1,	'2018-03-29 09:37:13'),
(54,	1,	'B',	'102',	'2',	'Y',	'Y',	'good',	'N',	'_102.',	2,	'2018-03-30 11:33:20',	2,	'2018-03-31 05:48:27'),
(55,	1,	'A',	'101',	'1',	'N',	'Y',	'',	'N',	'_101.',	2,	'2018-03-30 11:33:09',	2,	'2018-03-31 05:43:00'),
(56,	1,	'A',	'102',	'2',	'Y',	'N',	'',	'N',	'_102.',	2,	'2018-03-30 11:33:20',	2,	'2018-03-30 11:33:20');

DROP TABLE IF EXISTS `meetings`;
CREATE TABLE `meetings` (
  `id` int(11) NOT NULL AUTO_INCREMENT,
  `society_id` int(11) NOT NULL,
  `meeting_date` date NOT NULL,
  `start_time` varchar(50) NOT NULL,
  `end_time` varchar(50) NOT NULL,
  `subject` varchar(200) NOT NULL,
  `description` text NOT NULL,
  `meeting_location` varchar(50) NOT NULL,
  `created_by` int(10) NOT NULL,
  `created_date` timestamp NOT NULL DEFAULT CURRENT_TIMESTAMP,
  `updated_by` int(11) NOT NULL,
  `updated_date` timestamp NOT NULL DEFAULT CURRENT_TIMESTAMP,
  `is_deleted` enum('Y','N') NOT NULL DEFAULT 'N',
  PRIMARY KEY (`id`)
) ENGINE=InnoDB DEFAULT CHARSET=latin1;

INSERT INTO `meetings` (`id`, `society_id`, `meeting_date`, `start_time`, `end_time`, `subject`, `description`, `meeting_location`, `created_by`, `created_date`, `updated_by`, `updated_date`, `is_deleted`) VALUES
(2,	1,	'0000-00-00',	'12:42 AM',	'02:13 AM',	'test',	'testing1234',	'test12',	0,	'2018-03-16 09:37:55',	0,	'2018-03-16 09:37:55',	'N'),
(3,	3,	'2018-03-20',	'00:12:00',	'00:12:00',	'testted',	'testted12testted12testted12testted12testted12testted12testted12testted12testted12testted12testted12testted12testted12testted12testted12testted12testted12testted12testted12',	'testted124',	0,	'2018-03-16 13:28:55',	0,	'2018-03-16 13:28:55',	'Y'),
(8,	8,	'2018-03-08',	'00:12:00',	'01:13:00',	'test',	'testing123456testing123456testing123456testing123456testing123456testing123456testing123',	'test12',	1,	'2018-03-16 06:25:48',	1,	'2018-03-16 06:25:48',	'Y'),
(9,	1,	'2018-03-13',	'00:00:00',	'00:00:00',	'12121',	'121',	'121',	0,	'2018-03-19 11:05:21',	0,	'2018-03-19 11:05:21',	'N'),
(10,	10,	'0000-00-00',	'11:00:00',	'00:00:00',	'12321',	'12312',	'123',	0,	'2018-03-19 11:05:51',	0,	'2018-03-19 11:05:51',	'N'),
(11,	11,	'2018-03-06',	'00:00:00',	'00:00:00',	'sdaasd',	'2341234',	'asdqweqw',	0,	'2018-03-19 11:09:00',	0,	'2018-03-19 11:09:00',	'Y'),
(12,	12,	'2018-03-07',	'00:00:00',	'00:00:00',	'asdasd',	'jsdjjsdskajska',	'sdfs',	0,	'2018-03-19 11:09:38',	0,	'2018-03-19 11:09:38',	'Y'),
(13,	1,	'2018-03-14',	'00:00:00',	'00:00:00',	'asfds',	'sdfs',	'sdasa',	0,	'2018-03-19 11:10:12',	0,	'2018-03-19 11:10:12',	'N'),
(14,	14,	'2018-03-07',	'00:00:00',	'00:00:00',	'asdas',	'Welcome1',	'aw',	0,	'2018-03-19 11:11:00',	0,	'2018-03-19 11:11:00',	'Y'),
(15,	15,	'2018-03-07',	'00:00:00',	'00:00:00',	'Welcome2',	'Welcome2',	'aw',	0,	'2018-03-19 11:11:31',	0,	'2018-03-19 11:11:31',	'Y'),
(16,	5,	'2018-03-07',	'00:00:00',	'00:00:00',	'zara',	'asd',	'asd',	0,	'2018-03-19 11:12:03',	0,	'2018-03-19 11:12:03',	'Y'),
(17,	1,	'2018-03-22',	'00:12:00',	'12:21:00',	'test',	'testing',	'tested',	0,	'2018-03-19 15:18:13',	0,	'2018-03-19 15:18:13',	'N');

DROP TABLE IF EXISTS `menu`;
CREATE TABLE `menu` (
  `id` int(11) NOT NULL AUTO_INCREMENT,
  `display_name` varchar(50) NOT NULL,
  `link` varchar(200) NOT NULL,
  `parent` int(11) NOT NULL,
  `class` varchar(50) NOT NULL,
  `seq_no` int(11) NOT NULL,
  `created_by` int(11) NOT NULL,
  `created_date` timestamp NOT NULL DEFAULT CURRENT_TIMESTAMP ON UPDATE CURRENT_TIMESTAMP,
  `updated_by` int(11) DEFAULT NULL,
  `updated_date` timestamp NULL DEFAULT NULL,
  `record_status` char(1) DEFAULT 'Y',
  PRIMARY KEY (`id`)
) ENGINE=InnoDB DEFAULT CHARSET=latin1;

INSERT INTO `menu` (`id`, `display_name`, `link`, `parent`, `class`, `seq_no`, `created_by`, `created_date`, `updated_by`, `updated_date`, `record_status`) VALUES
(1,	'Role &amp; Permission',	'back/menu',	0,	'fa-unlock-alt',	4,	1,	'2018-03-26 06:34:16',	1,	'2018-03-20 12:28:21',	'Y'),
(2,	'Role Permission',	'back/user_role',	1,	'',	0,	1,	'2018-03-26 06:36:44',	NULL,	NULL,	'Y'),
(3,	'Menu',	'back/menu',	1,	'',	0,	1,	'2018-03-14 05:58:29',	NULL,	NULL,	'Y'),
(4,	'Services',	'back/ notices',	0,	'fa fa-list',	9,	1,	'2018-03-26 11:23:29',	NULL,	NULL,	'Y'),
(5,	'Notices',	'back/notices',	0,	'fa fa-bell-slash',	6,	1,	'2018-03-26 12:04:56',	NULL,	NULL,	'Y'),
(6,	'Bill Payment',	'back/bill_payment',	0,	'fa fa-warning',	11,	2,	'2018-03-26 11:23:29',	1,	'2018-03-26 05:40:25',	'Y'),
(7,	'Complaint',	'back/complaint',	0,	'fa fa-envelope',	7,	3,	'2018-03-26 12:04:56',	NULL,	NULL,	'Y'),
(8,	'Event',	'back/event/eventView',	0,	'fa fa-bell',	10,	1,	'2018-03-26 11:23:29',	1,	'2018-03-15 10:47:00',	'Y'),
(9,	'Add Event',	'back/event/eventView',	8,	'',	0,	1,	'2018-03-15 05:52:19',	NULL,	NULL,	'Y'),
(10,	'View Event',	'back/event/eventViewUser',	8,	'',	0,	1,	'2018-03-15 05:52:41',	NULL,	NULL,	'Y'),
(11,	'My Account',	'back/userprofile',	0,	'fa fa-user',	2,	1,	'2018-03-27 12:41:22',	NULL,	NULL,	'Y'),
(12,	'My Profile',	'back/userprofile',	11,	'',	0,	1,	'2018-03-15 05:58:44',	NULL,	NULL,	'Y'),
(14,	'Registration',	'back/registration',	0,	'fa fa-plus',	1,	1,	'2018-03-27 12:41:22',	NULL,	NULL,	'Y'),
(15,	'Create Society',	'back/registration/societyView',	14,	'',	0,	1,	'2018-03-15 07:26:35',	NULL,	NULL,	'Y'),
(16,	'View Society',	'back/registration/allSociety',	14,	'',	0,	1,	'2018-03-15 07:27:06',	NULL,	NULL,	'Y'),
(17,	'Add House',	'back/registration/houseView',	14,	'',	0,	1,	'2018-03-15 07:29:18',	NULL,	NULL,	'Y'),
(18,	'View House',	'back/registration/allHouse',	14,	'',	0,	1,	'2018-03-15 07:28:53',	NULL,	NULL,	'Y'),
(19,	'Users List',	'back/registration',	0,	'fa fa fa-user',	3,	1,	'2018-03-26 06:34:16',	NULL,	NULL,	'Y'),
(20,	'Add Members',	'back/registration/userView',	19,	'',	0,	1,	'2018-03-15 07:32:29',	NULL,	NULL,	'Y'),
(21,	'Members List',	'back/registration/alluser',	19,	'',	0,	1,	'2018-03-15 07:33:10',	NULL,	NULL,	'Y'),
(22,	'Meeting List',	'back/meeting/allmeeting',	4,	'fa fa-clock',	0,	1,	'2018-03-26 06:36:28',	1,	'2018-03-16 15:27:29',	'N'),
(23,	'Create Meeting',	'back/meeting/meetingview',	4,	'',	0,	1,	'2018-03-26 06:36:53',	NULL,	NULL,	'N'),
(24,	'Document Collection',	'back/document_collection',	4,	'',	1,	1,	'2018-03-19 05:24:03',	1,	'2018-03-19 05:24:03',	'Y'),
(25,	'Meetings',	'back/meeting/allmeeting',	0,	'fa fa-bell-slash',	8,	1,	'2018-03-26 12:04:56',	NULL,	NULL,	'Y'),
(26,	'Create Meeting',	'back/meeting/meetingview',	25,	'',	0,	1,	'2018-03-26 06:38:38',	2,	'2018-03-26 06:38:38',	'Y'),
(27,	'Meeting List',	'back/meeting/allmeeting   ',	25,	'',	0,	1,	'2018-03-26 06:38:55',	2,	'2018-03-26 06:38:55',	'Y'),
(28,	'Members Details',	'back/report/userReportView',	19,	'',	0,	1,	'2018-03-21 07:15:42',	NULL,	NULL,	'Y'),
(29,	'Menu Sequence',	'back/menu/menu_sequence',	1,	'',	0,	5,	'2018-03-26 06:06:27',	NULL,	NULL,	'Y'),
(30,	'Parking',	'back/parking/index',	4,	'',	0,	2,	'2018-03-26 08:43:44',	NULL,	NULL,	'Y'),
(34,	'Facility',	'#',	0,	'fa fa-bell-slash',	5,	1,	'2018-03-26 12:04:56',	NULL,	NULL,	'Y'),
(35,	'Facility Allocation List',	'back/Facility/allMember',	34,	'',	0,	1,	'2018-03-26 11:37:27',	NULL,	NULL,	'Y'),
(36,	'Add Facility',	'back/Facility',	34,	'',	0,	1,	'2018-03-26 11:38:18',	NULL,	NULL,	'Y'),
(37,	'Facility List',	'back/facility/allFacilities',	34,	'',	0,	1,	'2018-03-26 11:40:54',	NULL,	NULL,	'Y'),
(38,	'Allocate Facility',	'back/Facility/memberfacility',	34,	'',	0,	1,	'2018-03-26 12:01:35',	1,	'2018-03-26 12:01:35',	'Y');

DROP TABLE IF EXISTS `notices`;
CREATE TABLE `notices` (
  `id` int(11) NOT NULL AUTO_INCREMENT,
  `notice_id` varchar(10) NOT NULL,
  `society_id` int(11) NOT NULL,
  `notice_from` varchar(10) NOT NULL,
  `notice_to` varchar(500) NOT NULL,
  `title` varchar(500) NOT NULL,
  `subject` varchar(500) NOT NULL,
  `notice_description` varchar(1000) NOT NULL,
  `notice_view` enum('N','Y') NOT NULL DEFAULT 'N',
  `created_by` varchar(10) NOT NULL,
  `created_at` timestamp NOT NULL DEFAULT CURRENT_TIMESTAMP ON UPDATE CURRENT_TIMESTAMP,
  PRIMARY KEY (`id`)
) ENGINE=InnoDB DEFAULT CHARSET=latin1;

INSERT INTO `notices` (`id`, `notice_id`, `society_id`, `notice_from`, `notice_to`, `title`, `subject`, `notice_description`, `notice_view`, `created_by`, `created_at`) VALUES
(1,	'2740',	1,	'2',	'1',	'Maintenanabce meeting',	'maintenenace urgent',	'Hii all&lt;br /&gt;\r\n&lt;br /&gt;\r\nPlease &lt;strong&gt;come&lt;/strong&gt; on 9.30&lt;br /&gt;\r\n&lt;br /&gt;\r\nThanks&lt;br /&gt;\r\nabc',	'Y',	'2',	'2018-03-14 08:45:45'),
(2,	'2740',	1,	'2',	'3',	'Maintenanabce meeting',	'maintenenace urgent',	'Hii all&lt;br /&gt;\r\n&lt;br /&gt;\r\nPlease &lt;strong&gt;come&lt;/strong&gt; on 9.30&lt;br /&gt;\r\n&lt;br /&gt;\r\nThanks&lt;br /&gt;\r\nabc',	'Y',	'2',	'2018-03-08 11:09:29'),
(3,	'2740',	1,	'2',	'4',	'Maintenanabce meeting',	'maintenenace urgent',	'Hii all&lt;br /&gt;\r\n&lt;br /&gt;\r\nPlease &lt;strong&gt;come&lt;/strong&gt; on 9.30&lt;br /&gt;\r\n&lt;br /&gt;\r\nThanks&lt;br /&gt;\r\nabc',	'N',	'2',	'2018-03-08 11:08:43'),
(4,	'8438',	1,	'2',	'1',	'Meeting',	'as per discussion',	'&lt;strong&gt;Dear ,&lt;/strong&gt;&lt;br /&gt;\r\n&lt;br /&gt;\r\n&lt;u&gt;Hii&lt;/u&gt; ,&lt;br /&gt;\r\n&lt;br /&gt;\r\nTHnaks &amp; regards&lt;br /&gt;\r\nJay',	'Y',	'2',	'2018-03-14 10:52:49'),
(5,	'8438',	1,	'2',	'3',	'Meeting',	'as per discussion',	'&lt;strong&gt;Dear ,&lt;/strong&gt;&lt;br /&gt;\r\n&lt;br /&gt;\r\n&lt;u&gt;Hii&lt;/u&gt; ,&lt;br /&gt;\r\n&lt;br /&gt;\r\nTHnaks &amp; regards&lt;br /&gt;\r\nJay',	'Y',	'2',	'2018-03-14 09:50:31'),
(6,	'8438',	1,	'2',	'4',	'Meeting',	'as per discussion',	'&lt;strong&gt;Dear ,&lt;/strong&gt;&lt;br /&gt;\r\n&lt;br /&gt;\r\n&lt;u&gt;Hii&lt;/u&gt; ,&lt;br /&gt;\r\n&lt;br /&gt;\r\nTHnaks &amp; regards&lt;br /&gt;\r\nJay',	'N',	'2',	'2018-03-14 09:50:00'),
(7,	'1809',	14,	'27',	'28',	'Notice Sub',	'Notice Sub',	'Notice Body',	'N',	'27',	'2018-03-27 06:07:09');

DROP TABLE IF EXISTS `parking`;
CREATE TABLE `parking` (
  `id` int(11) NOT NULL AUTO_INCREMENT,
  `society_id` int(11) NOT NULL,
  `user_id` int(11) unsigned NOT NULL,
  `pm_id` int(11) unsigned NOT NULL,
  `created_by` int(11) NOT NULL,
  `created_date` timestamp NOT NULL DEFAULT CURRENT_TIMESTAMP ON UPDATE CURRENT_TIMESTAMP,
  `updated_by` int(11) NOT NULL,
  `updated_date` timestamp NOT NULL DEFAULT '0000-00-00 00:00:00',
  PRIMARY KEY (`id`),
  KEY `user_id` (`user_id`)
) ENGINE=InnoDB DEFAULT CHARSET=latin1;


DROP TABLE IF EXISTS `parking_charges`;
CREATE TABLE `parking_charges` (
  `id` int(11) NOT NULL AUTO_INCREMENT,
  `society_id` int(11) NOT NULL,
  `vehicle_type` varchar(100) NOT NULL,
  `parking_amt` varchar(100) NOT NULL,
  `updated_at` timestamp NOT NULL,
  `created_at` timestamp NOT NULL DEFAULT CURRENT_TIMESTAMP ON UPDATE CURRENT_TIMESTAMP,
  PRIMARY KEY (`id`)
) ENGINE=InnoDB DEFAULT CHARSET=latin1;


DROP TABLE IF EXISTS `parking_master`;
CREATE TABLE `parking_master` (
  `id` int(11) NOT NULL AUTO_INCREMENT,
  `society_id` int(11) NOT NULL,
  `slot_no` varchar(225) NOT NULL,
  `slot_for` varchar(225) NOT NULL,
  `created_date` timestamp NOT NULL DEFAULT CURRENT_TIMESTAMP,
  PRIMARY KEY (`id`)
) ENGINE=InnoDB DEFAULT CHARSET=latin1;


DROP TABLE IF EXISTS `permission`;
CREATE TABLE `permission` (
  `id` int(11) NOT NULL AUTO_INCREMENT,
  `group_id` int(11) NOT NULL,
  `menu_id` int(11) NOT NULL,
  `action_id` varchar(200) NOT NULL,
  `action_name` varchar(200) NOT NULL,
  `view` enum('Y','N') NOT NULL DEFAULT 'Y',
  `add` enum('Y','N') NOT NULL DEFAULT 'Y',
  `edit` enum('Y','N') NOT NULL DEFAULT 'Y',
  `delete` enum('Y','N') NOT NULL DEFAULT 'Y',
  `record_status` enum('Y','N') NOT NULL DEFAULT 'Y',
  `created_by` int(11) NOT NULL,
  `created_date` timestamp NOT NULL DEFAULT CURRENT_TIMESTAMP ON UPDATE CURRENT_TIMESTAMP,
  PRIMARY KEY (`id`)
) ENGINE=InnoDB DEFAULT CHARSET=latin1;

INSERT INTO `permission` (`id`, `group_id`, `menu_id`, `action_id`, `action_name`, `view`, `add`, `edit`, `delete`, `record_status`, `created_by`, `created_date`) VALUES
(103,	2,	13,	'6,7,8,1,2,3,4',	'export,pdf,clone,view,create,edit,delete',	'Y',	'Y',	'Y',	'Y',	'Y',	0,	'2018-03-15 05:59:42'),
(116,	1,	13,	'6,7,8,1,2,3,4',	'export,pdf,clone,view,create,edit,delete',	'Y',	'Y',	'Y',	'Y',	'Y',	0,	'2018-03-15 05:59:50'),
(255,	4,	22,	'1',	'view',	'Y',	'N',	'N',	'N',	'Y',	0,	'2018-03-19 11:17:16'),
(363,	1,	22,	'6,7,8,1,2,3,4',	'export,pdf,clone,view,create,edit,delete',	'Y',	'Y',	'Y',	'Y',	'Y',	0,	'2018-03-26 06:06:51'),
(364,	1,	23,	'6,7,8,1,2,3,4',	'export,pdf,clone,view,create,edit,delete',	'Y',	'Y',	'Y',	'Y',	'Y',	0,	'2018-03-26 06:06:51'),
(390,	2,	22,	'6,7,8,2,3,4',	'export,pdf,clone,create,edit,delete',	'N',	'Y',	'Y',	'Y',	'Y',	0,	'2018-03-26 06:36:09'),
(391,	2,	23,	'6,7,8,2,3,4',	'export,pdf,clone,create,edit,delete',	'N',	'Y',	'Y',	'Y',	'Y',	0,	'2018-03-26 06:36:09'),
(488,	1,	31,	'1',	'view',	'Y',	'N',	'N',	'N',	'Y',	0,	'2018-03-26 10:03:28'),
(535,	2,	32,	'6,7,8,1,2,3,4',	'export,pdf,clone,view,create,edit,delete',	'Y',	'Y',	'Y',	'Y',	'Y',	0,	'2018-03-26 11:23:11'),
(536,	2,	33,	'6,7,8,1,2,3,4',	'export,pdf,clone,view,create,edit,delete',	'Y',	'Y',	'Y',	'Y',	'Y',	0,	'2018-03-26 11:23:11'),
(547,	2,	31,	'1,2,3,4',	'view,create,edit,delete',	'Y',	'Y',	'Y',	'Y',	'Y',	0,	'2018-03-26 11:23:12'),
(579,	1,	2,	'6,7,8,1,2,3,4',	'export,pdf,clone,view,create,edit,delete',	'Y',	'Y',	'Y',	'Y',	'Y',	0,	'2018-03-26 11:52:46'),
(580,	1,	3,	'6,7,8,1,2,3,4',	'export,pdf,clone,view,create,edit,delete',	'Y',	'Y',	'Y',	'Y',	'Y',	0,	'2018-03-26 11:52:46'),
(581,	1,	29,	'6,7,8,1,2,3,4',	'export,pdf,clone,view,create,edit,delete',	'Y',	'Y',	'Y',	'Y',	'Y',	0,	'2018-03-26 11:52:46'),
(582,	1,	24,	'6,7,8,1,2,3,4',	'export,pdf,clone,view,create,edit,delete',	'Y',	'Y',	'Y',	'Y',	'Y',	0,	'2018-03-26 11:52:47'),
(583,	1,	30,	'6,7,8,1,2,3,4',	'export,pdf,clone,view,create,edit,delete',	'Y',	'Y',	'Y',	'Y',	'Y',	0,	'2018-03-26 11:52:47'),
(584,	1,	9,	'6,7,8,1,2,3,4',	'export,pdf,clone,view,create,edit,delete',	'Y',	'Y',	'Y',	'Y',	'Y',	0,	'2018-03-26 11:52:47'),
(585,	1,	10,	'6,7,8,1,2,3,4',	'export,pdf,clone,view,create,edit,delete',	'Y',	'Y',	'Y',	'Y',	'Y',	0,	'2018-03-26 11:52:47'),
(586,	1,	12,	'6,7,8,1,2,3,4',	'export,pdf,clone,view,create,edit,delete',	'Y',	'Y',	'Y',	'Y',	'Y',	0,	'2018-03-26 11:52:47'),
(587,	1,	15,	'6,7,8,1,2,3,4',	'export,pdf,clone,view,create,edit,delete',	'Y',	'Y',	'Y',	'Y',	'Y',	0,	'2018-03-26 11:52:47'),
(588,	1,	16,	'6,7,8,1,2,3,4',	'export,pdf,clone,view,create,edit,delete',	'Y',	'Y',	'Y',	'Y',	'Y',	0,	'2018-03-26 11:52:47'),
(589,	1,	17,	'6,7,8,1,2,3,4',	'export,pdf,clone,view,create,edit,delete',	'Y',	'Y',	'Y',	'Y',	'Y',	0,	'2018-03-26 11:52:47'),
(590,	1,	18,	'6,7,8,1,2,3,4',	'export,pdf,clone,view,create,edit,delete',	'Y',	'Y',	'Y',	'Y',	'Y',	0,	'2018-03-26 11:52:47'),
(591,	1,	20,	'6,7,8,1,2,3,4',	'export,pdf,clone,view,create,edit,delete',	'Y',	'Y',	'Y',	'Y',	'Y',	0,	'2018-03-26 11:52:47'),
(592,	1,	21,	'6,7,8,1,2,3,4',	'export,pdf,clone,view,create,edit,delete',	'Y',	'Y',	'Y',	'Y',	'Y',	0,	'2018-03-26 11:52:47'),
(593,	1,	28,	'6,7,8,1,2,3,4',	'export,pdf,clone,view,create,edit,delete',	'Y',	'Y',	'Y',	'Y',	'Y',	0,	'2018-03-26 11:52:47'),
(594,	1,	26,	'6,7,8,1,2,3,4',	'export,pdf,clone,view,create,edit,delete',	'Y',	'Y',	'Y',	'Y',	'Y',	0,	'2018-03-26 11:52:47'),
(595,	1,	27,	'6,7,8,1,2,3,4',	'export,pdf,clone,view,create,edit,delete',	'Y',	'Y',	'Y',	'Y',	'Y',	0,	'2018-03-26 11:52:47'),
(596,	1,	35,	'6,7,8,1,2,3,4',	'export,pdf,clone,view,create,edit,delete',	'Y',	'Y',	'Y',	'Y',	'Y',	0,	'2018-03-26 11:52:47'),
(597,	1,	36,	'6,7,8,1,2,3,4',	'export,pdf,clone,view,create,edit,delete',	'Y',	'Y',	'Y',	'Y',	'Y',	0,	'2018-03-26 11:52:47'),
(598,	1,	37,	'6,7,8,1,2,3,4',	'export,pdf,clone,view,create,edit,delete',	'Y',	'Y',	'Y',	'Y',	'Y',	0,	'2018-03-26 11:52:47'),
(599,	1,	38,	'1',	'view',	'Y',	'N',	'N',	'N',	'Y',	0,	'2018-03-26 11:52:47'),
(600,	1,	1,	'1,2,3,4',	'view,create,edit,delete',	'Y',	'Y',	'Y',	'Y',	'Y',	0,	'2018-03-26 11:52:47'),
(601,	1,	4,	'1,2,3,4',	'view,create,edit,delete',	'Y',	'Y',	'Y',	'Y',	'Y',	0,	'2018-03-26 11:52:47'),
(602,	1,	5,	'1,2,3,4',	'view,create,edit,delete',	'Y',	'Y',	'Y',	'Y',	'Y',	0,	'2018-03-26 11:52:47'),
(603,	1,	6,	'1,2,3,4',	'view,create,edit,delete',	'Y',	'Y',	'Y',	'Y',	'Y',	0,	'2018-03-26 11:52:48'),
(604,	1,	7,	'1,2,3,4',	'view,create,edit,delete',	'Y',	'Y',	'Y',	'Y',	'Y',	0,	'2018-03-26 11:52:48'),
(605,	1,	8,	'1,2,3,4',	'view,create,edit,delete',	'Y',	'Y',	'Y',	'Y',	'Y',	0,	'2018-03-26 11:52:48'),
(606,	1,	11,	'1,2,3,4',	'view,create,edit,delete',	'Y',	'Y',	'Y',	'Y',	'Y',	0,	'2018-03-26 11:52:48'),
(607,	1,	14,	'1,2,3,4',	'view,create,edit,delete',	'Y',	'Y',	'Y',	'Y',	'Y',	0,	'2018-03-26 11:52:48'),
(608,	1,	19,	'1,2,3,4',	'view,create,edit,delete',	'Y',	'Y',	'Y',	'Y',	'Y',	0,	'2018-03-26 11:52:48'),
(609,	1,	25,	'1,2,3,4',	'view,create,edit,delete',	'Y',	'Y',	'Y',	'Y',	'Y',	0,	'2018-03-26 11:52:48'),
(610,	1,	34,	'1,2,3,4',	'view,create,edit,delete',	'Y',	'Y',	'Y',	'Y',	'Y',	0,	'2018-03-26 11:52:48'),
(671,	2,	2,	'6,7,8,2,3,4',	'export,pdf,clone,create,edit,delete',	'N',	'Y',	'Y',	'Y',	'Y',	0,	'2018-03-28 05:22:44'),
(672,	2,	3,	'6,7,8,2,3,4',	'export,pdf,clone,create,edit,delete',	'N',	'Y',	'Y',	'Y',	'Y',	0,	'2018-03-28 05:22:44'),
(673,	2,	29,	'6,7,8,2,3,4',	'export,pdf,clone,create,edit,delete',	'N',	'Y',	'Y',	'Y',	'Y',	0,	'2018-03-28 05:22:44'),
(674,	2,	24,	'6,7,8,1,2,3,4',	'export,pdf,clone,view,create,edit,delete',	'Y',	'Y',	'Y',	'Y',	'Y',	0,	'2018-03-28 05:22:44'),
(675,	2,	30,	'6,7,8,1,2,3,4',	'export,pdf,clone,view,create,edit,delete',	'Y',	'Y',	'Y',	'Y',	'Y',	0,	'2018-03-28 05:22:44'),
(676,	2,	9,	'6,7,8,1,2,3,4',	'export,pdf,clone,view,create,edit,delete',	'Y',	'Y',	'Y',	'Y',	'Y',	0,	'2018-03-28 05:22:44'),
(677,	2,	10,	'6,7,8,1,2,3,4',	'export,pdf,clone,view,create,edit,delete',	'Y',	'Y',	'Y',	'Y',	'Y',	0,	'2018-03-28 05:22:44'),
(678,	2,	12,	'6,7,8,1,2,3,4',	'export,pdf,clone,view,create,edit,delete',	'Y',	'Y',	'Y',	'Y',	'Y',	0,	'2018-03-28 05:22:44'),
(679,	2,	15,	'6,7,8,2,3,4',	'export,pdf,clone,create,edit,delete',	'N',	'Y',	'Y',	'Y',	'Y',	0,	'2018-03-28 05:22:44'),
(680,	2,	16,	'6,7,8,1,2,3,4',	'export,pdf,clone,view,create,edit,delete',	'Y',	'Y',	'Y',	'Y',	'Y',	0,	'2018-03-28 05:22:44'),
(681,	2,	17,	'6,7,8,1,2,3,4',	'export,pdf,clone,view,create,edit,delete',	'Y',	'Y',	'Y',	'Y',	'Y',	0,	'2018-03-28 05:22:44'),
(682,	2,	18,	'6,7,8,1,2,3,4',	'export,pdf,clone,view,create,edit,delete',	'Y',	'Y',	'Y',	'Y',	'Y',	0,	'2018-03-28 05:22:45'),
(683,	2,	20,	'6,7,8,1,2,3,4',	'export,pdf,clone,view,create,edit,delete',	'Y',	'Y',	'Y',	'Y',	'Y',	0,	'2018-03-28 05:22:45'),
(684,	2,	21,	'6,7,8,1,2,3,4',	'export,pdf,clone,view,create,edit,delete',	'Y',	'Y',	'Y',	'Y',	'Y',	0,	'2018-03-28 05:22:45'),
(685,	2,	28,	'6,7,8,2,3,4',	'export,pdf,clone,create,edit,delete',	'N',	'Y',	'Y',	'Y',	'Y',	0,	'2018-03-28 05:22:45'),
(686,	2,	26,	'6,7,8,1,2,3,4',	'export,pdf,clone,view,create,edit,delete',	'Y',	'Y',	'Y',	'Y',	'Y',	0,	'2018-03-28 05:22:45'),
(687,	2,	27,	'6,7,8,1,2,3,4',	'export,pdf,clone,view,create,edit,delete',	'Y',	'Y',	'Y',	'Y',	'Y',	0,	'2018-03-28 05:22:45'),
(688,	2,	35,	'1',	'view',	'Y',	'N',	'N',	'N',	'Y',	0,	'2018-03-28 05:22:45'),
(689,	2,	36,	'1',	'view',	'Y',	'N',	'N',	'N',	'Y',	0,	'2018-03-28 05:22:45'),
(690,	2,	37,	'1',	'view',	'Y',	'N',	'N',	'N',	'Y',	0,	'2018-03-28 05:22:45'),
(691,	2,	38,	'1',	'view',	'Y',	'N',	'N',	'N',	'Y',	0,	'2018-03-28 05:22:45'),
(692,	2,	1,	'2,3,4',	'create,edit,delete',	'N',	'Y',	'Y',	'Y',	'Y',	0,	'2018-03-28 05:22:45'),
(693,	2,	4,	'1,2,3,4',	'view,create,edit,delete',	'Y',	'Y',	'Y',	'Y',	'Y',	0,	'2018-03-28 05:22:45'),
(694,	2,	5,	'1,2,3,4',	'view,create,edit,delete',	'Y',	'Y',	'Y',	'Y',	'Y',	0,	'2018-03-28 05:22:45'),
(695,	2,	6,	'1,2,3,4',	'view,create,edit,delete',	'Y',	'Y',	'Y',	'Y',	'Y',	0,	'2018-03-28 05:22:45'),
(696,	2,	7,	'1,2,3,4',	'view,create,edit,delete',	'Y',	'Y',	'Y',	'Y',	'Y',	0,	'2018-03-28 05:22:45'),
(697,	2,	8,	'1,2,3,4',	'view,create,edit,delete',	'Y',	'Y',	'Y',	'Y',	'Y',	0,	'2018-03-28 05:22:45'),
(698,	2,	11,	'1,2,3,4',	'view,create,edit,delete',	'Y',	'Y',	'Y',	'Y',	'Y',	0,	'2018-03-28 05:22:45'),
(699,	2,	14,	'1,2,3,4',	'view,create,edit,delete',	'Y',	'Y',	'Y',	'Y',	'Y',	0,	'2018-03-28 05:22:45'),
(700,	2,	19,	'1,2,3,4',	'view,create,edit,delete',	'Y',	'Y',	'Y',	'Y',	'Y',	0,	'2018-03-28 05:22:45'),
(701,	2,	25,	'1,2,3,4',	'view,create,edit,delete',	'Y',	'Y',	'Y',	'Y',	'Y',	0,	'2018-03-28 05:22:45'),
(702,	2,	34,	'1',	'view',	'Y',	'N',	'N',	'N',	'Y',	0,	'2018-03-28 05:22:45'),
(703,	4,	24,	'1',	'view',	'Y',	'N',	'N',	'N',	'Y',	0,	'2018-03-28 05:28:52'),
(704,	4,	30,	'1',	'view',	'Y',	'N',	'N',	'N',	'Y',	0,	'2018-03-28 05:28:52'),
(705,	4,	10,	'1',	'view',	'Y',	'N',	'N',	'N',	'Y',	0,	'2018-03-28 05:28:52'),
(706,	4,	12,	'1',	'view',	'Y',	'N',	'N',	'N',	'Y',	0,	'2018-03-28 05:28:52'),
(707,	4,	26,	'1',	'view',	'Y',	'N',	'N',	'N',	'Y',	0,	'2018-03-28 05:28:52'),
(708,	4,	27,	'1',	'view',	'Y',	'N',	'N',	'N',	'Y',	0,	'2018-03-28 05:28:52'),
(709,	4,	35,	'1',	'view',	'Y',	'N',	'N',	'N',	'Y',	0,	'2018-03-28 05:28:52'),
(710,	4,	36,	'1',	'view',	'Y',	'N',	'N',	'N',	'Y',	0,	'2018-03-28 05:28:52'),
(711,	4,	37,	'1',	'view',	'Y',	'N',	'N',	'N',	'Y',	0,	'2018-03-28 05:28:52'),
(712,	4,	38,	'1',	'view',	'Y',	'N',	'N',	'N',	'Y',	0,	'2018-03-28 05:28:52'),
(713,	4,	4,	'1',	'view',	'Y',	'N',	'N',	'N',	'Y',	0,	'2018-03-28 05:28:53'),
(714,	4,	5,	'1',	'view',	'Y',	'N',	'N',	'N',	'Y',	0,	'2018-03-28 05:28:53'),
(715,	4,	6,	'1',	'view',	'Y',	'N',	'N',	'N',	'Y',	0,	'2018-03-28 05:28:53'),
(716,	4,	7,	'1',	'view',	'Y',	'N',	'N',	'N',	'Y',	0,	'2018-03-28 05:28:53'),
(717,	4,	8,	'1',	'view',	'Y',	'N',	'N',	'N',	'Y',	0,	'2018-03-28 05:28:53'),
(718,	4,	11,	'1',	'view',	'Y',	'N',	'N',	'N',	'Y',	0,	'2018-03-28 05:28:53'),
(719,	4,	25,	'1',	'view',	'Y',	'N',	'N',	'N',	'Y',	0,	'2018-03-28 05:28:53'),
(720,	4,	34,	'1',	'view',	'Y',	'N',	'N',	'N',	'Y',	0,	'2018-03-28 05:28:53');

DROP TABLE IF EXISTS `society_house_charges`;
CREATE TABLE `society_house_charges` (
  `id` int(11) NOT NULL AUTO_INCREMENT,
  `society_id` int(11) NOT NULL,
  `house_type` varchar(200) NOT NULL,
  `maintenance_charges` varchar(200) NOT NULL,
  `lease_amt` varchar(100) NOT NULL,
  `created_by` int(11) NOT NULL,
  `updated_at` timestamp NOT NULL,
  `created_at` timestamp NULL DEFAULT CURRENT_TIMESTAMP ON UPDATE CURRENT_TIMESTAMP,
  PRIMARY KEY (`id`)
) ENGINE=InnoDB DEFAULT CHARSET=latin1;

INSERT INTO `society_house_charges` (`id`, `society_id`, `house_type`, `maintenance_charges`, `lease_amt`, `created_by`, `updated_at`, `created_at`) VALUES
(1,	1,	'1bhk',	'1000',	'100',	1,	'2018-03-30 07:31:15',	'2018-03-30 07:31:15'),
(2,	1,	'2bhk',	'1000',	'100',	1,	'2018-03-30 07:31:15',	'2018-03-30 07:31:15');

DROP TABLE IF EXISTS `society_master`;
CREATE TABLE `society_master` (
  `id` int(11) NOT NULL AUTO_INCREMENT,
  `code` varchar(30) NOT NULL,
  `name` varchar(20) NOT NULL,
  `no_of_house` varchar(20) NOT NULL,
  `address` varchar(200) NOT NULL,
  `state` int(10) NOT NULL,
  `city` int(10) NOT NULL,
  `pincode` int(10) NOT NULL,
  `image` varchar(50) NOT NULL,
  `created_by` int(11) NOT NULL,
  `created_date` timestamp NOT NULL DEFAULT CURRENT_TIMESTAMP ON UPDATE CURRENT_TIMESTAMP,
  `updated_by` timestamp NOT NULL DEFAULT '0000-00-00 00:00:00',
  `updated_date` timestamp NOT NULL DEFAULT '0000-00-00 00:00:00',
  `is_deleted` enum('N','Y') NOT NULL DEFAULT 'N',
  PRIMARY KEY (`id`)
) ENGINE=InnoDB DEFAULT CHARSET=latin1;

INSERT INTO `society_master` (`id`, `code`, `name`, `no_of_house`, `address`, `state`, `city`, `pincode`, `image`, `created_by`, `created_date`, `updated_by`, `updated_date`, `is_deleted`) VALUES
(1,	'SCKGYpL',	'vrindavan',	'50',	'mumbai',	2,	6,	421401,	'_vrindavan.',	2,	'2018-03-19 11:04:42',	'0000-00-00 00:00:00',	'2018-03-19 10:33:27',	'N'),
(2,	'SCDAzMj',	'saikrupa',	'20',	'kalyan',	2,	7,	345678,	'_saikrupa.',	1,	'2018-03-19 11:04:42',	'0000-00-00 00:00:00',	'2018-03-15 06:33:47',	'N'),
(5,	'SC1ruOy',	'Society1',	'3',	'bhn',	2,	3,	400078,	'_Society1.',	1,	'2018-03-26 10:33:10',	'0000-00-00 00:00:00',	'2018-03-26 10:33:10',	'N'),
(6,	'SC4qJdf',	'Bds1',	'10',	'bhn',	2,	3,	400078,	'_Bds1.',	1,	'2018-03-15 09:33:39',	'0000-00-00 00:00:00',	'2018-03-15 09:33:39',	'N'),
(7,	'SCgFdfU',	'VikrantS',	'5',	'domb',	22,	862,	400078,	'hacker-table-1_VikrantS.jpg',	1,	'2018-03-19 10:33:00',	'0000-00-00 00:00:00',	'2018-03-19 10:33:00',	'N'),
(8,	'SCQNqTX',	'test12',	'5',	'nhg',	22,	898,	400078,	'_test12.',	1,	'2018-03-16 05:33:31',	'0000-00-00 00:00:00',	'2018-03-16 05:33:31',	'N'),
(9,	'SC3VnG2',	's1',	'5',	'vik',	1,	1,	400078,	'sealink3_s1.jpg',	1,	'2018-03-17 06:33:13',	'0000-00-00 00:00:00',	'2018-03-17 06:33:13',	'N'),
(10,	'SCffDtA',	'Kuch bhi',	'50',	'ad',	21,	737,	123122,	'society1_Kuch bhi.gif',	25,	'2018-03-20 07:09:38',	'0000-00-00 00:00:00',	'2018-03-20 06:33:30',	'N'),
(11,	'SCCt5vg',	'testing1',	'10',	'bhn',	22,	832,	400078,	'society3_testing1.jpg',	1,	'2018-03-26 12:33:11',	'0000-00-00 00:00:00',	'2018-03-26 12:33:11',	'N'),
(12,	'SChKubI',	'testing2',	'4',	'bhn',	1,	1,	2,	'_testing2.',	25,	'2018-03-20 07:07:12',	'0000-00-00 00:00:00',	'2018-03-20 06:33:23',	'Y'),
(13,	'SClHoTs',	'society2',	'5',	'bhandup',	22,	898,	400078,	'society3_society2.jpg',	1,	'2018-03-27 05:33:08',	'0000-00-00 00:00:00',	'2018-03-27 05:33:08',	'N'),
(14,	'SCp5r8D',	'K1',	'36',	'shahad',	22,	871,	423401,	'24wg9BB_K1.png',	1,	'2018-03-27 05:33:21',	'0000-00-00 00:00:00',	'2018-03-27 05:33:21',	'N'),
(15,	'SCXhLLQ',	'society3',	'5',	'bhandup',	22,	898,	400078,	'lion_society3.jpeg',	1,	'2018-03-27 09:33:50',	'0000-00-00 00:00:00',	'2018-03-27 09:33:50',	'N'),
(16,	'SCTLWJZ',	'society4',	'4',	'bhandup',	22,	898,	400078,	'society3_society4.jpg',	1,	'2018-03-27 10:33:26',	'0000-00-00 00:00:00',	'2018-03-27 10:33:26',	'N'),
(17,	'SCLXkhc',	'bdsserv',	'5',	'kanjur',	22,	898,	400078,	'Koala_bdsserv.jpg',	1,	'2018-03-27 12:33:06',	'0000-00-00 00:00:00',	'2018-03-27 12:33:06',	'N'),
(18,	'SCH8LmP',	'society5',	'5',	'bhandup',	22,	898,	400077,	'society2_society5.jpg',	1,	'2018-03-27 14:33:38',	'0000-00-00 00:00:00',	'2018-03-27 14:33:38',	'N'),
(19,	'SCCKCzJ',	'Society6',	'4',	'bhandup',	22,	898,	400078,	'sealink2_Society6.jpg',	153,	'2018-03-28 14:33:54',	'0000-00-00 00:00:00',	'2018-03-28 14:33:54',	'N'),
(20,	'SCSjI7f',	'society7',	'5',	'bhandup',	22,	898,	400078,	'_society7.',	1,	'2018-03-29 05:33:32',	'0000-00-00 00:00:00',	'2018-03-29 05:33:32',	'N'),
(21,	'SCOKHdp',	's8',	'5',	'bhandup',	22,	832,	400078,	'_s8.',	1,	'2018-03-29 08:33:10',	'0000-00-00 00:00:00',	'2018-03-29 08:33:10',	'N'),
(22,	'SC1XE2K',	'Test1',	'35',	'klsdnklsmdklMdml, lmklxmklxmXKL',	26,	1001,	444444,	'_Test1.',	1,	'2018-03-30 06:33:55',	'0000-00-00 00:00:00',	'2018-03-30 06:33:55',	'N'),
(23,	'SCupfdO',	'society9',	'5',	'bhandup',	22,	898,	400078,	'society2_society9.jpg',	1,	'2018-03-31 09:33:08',	'0000-00-00 00:00:00',	'2018-03-31 09:33:08',	'N');

DROP TABLE IF EXISTS `state_master`;
CREATE TABLE `state_master` (
  `intStateId` int(11) unsigned NOT NULL AUTO_INCREMENT,
  `intCountryId` int(11) unsigned NOT NULL COMMENT 'Ref Key "intCountryId" from country master table',
  `stState` varchar(100) DEFAULT NULL,
  PRIMARY KEY (`intStateId`),
  KEY `INDX_STATE_intCountryId` (`intCountryId`),
  KEY `INDX_STATE_stState` (`stState`)
) ENGINE=InnoDB DEFAULT CHARSET=latin1;

INSERT INTO `state_master` (`intStateId`, `intCountryId`, `stState`) VALUES
(1,	1,	'Andaman and Nicobar Islands'),
(2,	1,	'Andhra Pradesh'),
(3,	1,	'Arunachal Pradesh'),
(4,	1,	'Assam'),
(5,	1,	'Bihar'),
(6,	1,	'Chandigarh'),
(7,	1,	'Chhattisgarh'),
(8,	1,	'Dadra and Nagar Haveli'),
(9,	1,	'Daman and Diu'),
(10,	1,	'Delhi'),
(11,	1,	'Goa'),
(12,	1,	'Gujarat'),
(13,	1,	'Gujrat'),
(14,	1,	'Haryana'),
(15,	1,	'Himachal Pradesh'),
(16,	1,	'Jammu and Kashmir'),
(17,	1,	'Jharkhand'),
(18,	1,	'Karnataka'),
(19,	1,	'Kerala'),
(20,	1,	'Lakshadweep'),
(21,	1,	'Madhya Pradesh'),
(22,	1,	'Maharashtra'),
(23,	1,	'Manipur'),
(24,	1,	'Meghalaya'),
(25,	1,	'Mizoram'),
(26,	1,	'Nagaland'),
(27,	1,	'Orissa'),
(28,	1,	'Pondicherry'),
(29,	1,	'Punjab'),
(30,	1,	'Rajasthan'),
(31,	1,	'Sikkim'),
(32,	1,	'Tamil Nadu'),
(33,	1,	'Tamilnadu'),
(34,	1,	'Tripura'),
(35,	1,	'Uttar Pradesh'),
(36,	1,	'Uttarakhand'),
(37,	1,	'West Bengal'),
(38,	5,	'Colombo');

DROP TABLE IF EXISTS `users`;
CREATE TABLE `users` (
  `id` int(11) unsigned NOT NULL AUTO_INCREMENT,
  `role_id` int(11) NOT NULL,
  `first_name` varchar(100) NOT NULL,
  `last_name` varchar(200) NOT NULL,
  `username` varchar(200) NOT NULL,
  `email` varchar(255) NOT NULL,
  `phone` varchar(255) NOT NULL,
  `birth_date` date NOT NULL,
  `profile_pic` varchar(100) NOT NULL,
  `total_family_member` varchar(10) NOT NULL,
  `password` varchar(255) NOT NULL,
  `salt` varchar(12) NOT NULL,
  `status` enum('Y','N') NOT NULL DEFAULT 'Y',
  `is_deleted` enum('Y','N') NOT NULL DEFAULT 'N',
  `society_id` int(10) NOT NULL,
  `house_id` int(10) NOT NULL,
  `updated_by` int(11) DEFAULT NULL,
  `updated_date` timestamp NULL DEFAULT NULL,
  `created_by` int(10) DEFAULT NULL,
  `created_date` timestamp NULL DEFAULT NULL ON UPDATE CURRENT_TIMESTAMP,
  PRIMARY KEY (`id`)
) ENGINE=InnoDB DEFAULT CHARSET=latin1;

INSERT INTO `users` (`id`, `role_id`, `first_name`, `last_name`, `username`, `email`, `phone`, `birth_date`, `profile_pic`, `total_family_member`, `password`, `salt`, `status`, `is_deleted`, `society_id`, `house_id`, `updated_by`, `updated_date`, `created_by`, `created_date`) VALUES
(1,	1,	'supers',	'Admin',	'admin',	'abc1@gmail.com',	'',	'0000-00-00',	'hacker-table-1.jpg',	'',	'f62236ffcde0f32568eac0a491c9474d',	'werwer23ds',	'Y',	'N',	0,	0,	NULL,	NULL,	NULL,	'2018-03-27 07:46:37'),
(2,	2,	'abc',	'xyz',	'society_superuser',	'abc@gmail.com',	'',	'0000-00-00',	'',	'',	'f62236ffcde0f32568eac0a491c9474d',	'werwer23ds',	'Y',	'N',	1,	0,	NULL,	NULL,	NULL,	'2018-03-26 08:49:39'),
(3,	4,	'society',	'one',	'member_1',	'',	'',	'0000-00-00',	'24wg9BB.png',	'',	'f62236ffcde0f32568eac0a491c9474d',	'werwer23ds',	'Y',	'N',	1,	0,	NULL,	NULL,	NULL,	'2018-03-27 07:41:49'),
(4,	4,	'society',	'one-two',	'member_2',	'',	'',	'0000-00-00',	'',	'',	'',	'werwer23ds',	'Y',	'N',	1,	0,	NULL,	NULL,	NULL,	'2018-03-27 12:59:11'),
(5,	2,	'abc',	'xyz',	'society2_superuser',	'',	'',	'0000-00-00',	'',	'',	'f62236ffcde0f32568eac0a491c9474d',	'werwer23ds',	'Y',	'N',	2,	0,	NULL,	NULL,	NULL,	'2018-03-20 12:33:40'),
(6,	4,	'society 2',	'2',	'member2_1',	'',	'',	'0000-00-00',	'',	'',	'f62236ffcde0f32568eac0a491c9474d',	'werwer23ds',	'Y',	'N',	0,	0,	NULL,	NULL,	NULL,	'2018-03-27 13:00:37'),
(8,	2,	'society1',	'Admin',	'society1',	'',	'',	'0000-00-00',	'',	'',	'db432209d12af17647e48ee5554415cd',	'RtdYxVdh',	'Y',	'N',	4,	0,	1,	'2018-03-15 08:33:58',	1,	'2018-03-20 12:33:40'),
(13,	2,	'Bds1',	'Admin',	'Bds1',	'',	'',	'0000-00-00',	'',	'',	'04192f365f9a7b4e1c5504aceea6fa98',	'HvmCXPos',	'Y',	'N',	1,	0,	1,	'2018-03-15 09:33:39',	1,	'2018-03-20 12:33:40'),
(14,	4,	'bds1u',	'bds1u',	'bds1u',	'bds1u@gmail.com',	'9930305024',	'2018-03-15',	'_bds1u.',	'5',	'f62236ffcde0f32568eac0a491c9474d',	'werwer23ds',	'Y',	'N',	6,	8,	13,	'2018-03-15 10:12:22',	13,	'2018-03-27 05:35:29'),
(15,	4,	'bds2u',	'bds2u',	'bds2u',	'bds2u@gmail.com',	'9930305024',	'2018-03-21',	'_bds2u.',	'3',	'1f1ae656a503633e2c001384a105337f',	'WtIfz10Z',	'Y',	'N',	6,	9,	13,	'2018-03-15 10:14:41',	13,	'2018-03-20 12:33:40'),
(16,	1,	'VikrantS',	'Admin',	'VikrantS',	'',	'',	'2018-03-21',	'',	'',	'52a5defdba99336899c5e222f87ea210',	'xu28czgS',	'Y',	'N',	7,	0,	1,	'2018-03-15 11:33:13',	1,	'2018-03-30 10:51:56'),
(17,	2,	'test12',	'Admin',	'test12',	'',	'',	'0000-00-00',	'',	'',	'38d3efb7453a42777f9cb693a53329e0',	'WIlZJH6A',	'Y',	'N',	0,	0,	1,	'2018-03-16 05:33:32',	1,	'2018-03-20 12:33:40'),
(18,	3,	'test12u',	'test12u',	'vrinda1',	'test12@gmail.com',	'7777777777',	'1991-03-12',	'_test12u.',	'3',	'f62236ffcde0f32568eac0a491c9474d',	'werwer23ds',	'Y',	'N',	8,	21,	17,	'2018-03-16 06:07:38',	17,	'2018-03-31 05:42:12'),
(19,	2,	's1',	'Admin',	's1',	'',	'',	'0000-00-00',	'',	'',	'79bf05625cc422b433b903c2eea70208',	'IpyGLlR1',	'Y',	'N',	9,	0,	1,	'2018-03-17 06:33:13',	1,	'2018-03-20 12:33:40'),
(20,	4,	'u11',	'u11',	'u1',	'raza10495@gmail.com',	'9930305024',	'1988-03-13',	'_u11.',	'5',	'cf22e3c5f23760ef56a735f91a1bd97e',	'cONGhcWX',	'Y',	'N',	9,	23,	1,	'2018-03-17 06:47:01',	1,	'2018-03-20 12:33:40'),
(21,	4,	'u12',	'u12',	'u12',	'raza10495@gmail.com',	'9930305024',	'1988-03-13',	'society2_u12.jpg',	'5',	'9832addb44cbf6c1d036b5a38f3e5ca3',	'ljOhgXUp',	'Y',	'N',	6,	10,	1,	'2018-03-17 07:09:57',	1,	'2018-03-20 12:33:40'),
(22,	4,	'u21',	'u21',	'u21',	'raza10495@gmail.com',	'9930305024',	'1988-10-10',	'sealink3_u21.jpg',	'4',	'3b2d612e23c71fe0310cca3965a33d25',	'qoSpYbeS',	'Y',	'N',	6,	10,	1,	'2018-03-17 07:09:21',	1,	'2018-03-20 12:33:40'),
(24,	4,	'user1',	'u',	'user1',	'raza@stzsoft.com',	'9930305024',	'0000-00-00',	'dummy_society_user1.jpg',	'5',	'730a40e3365824a63f8f598ee92f40c9',	'D5T4TZl4',	'Y',	'N',	6,	0,	1,	'2018-03-26 14:19:24',	1,	'2018-03-26 14:19:24'),
(25,	2,	'society2',	'Admin',	'su_society2',	'',	'',	'0000-00-00',	'',	'',	'94703b9c64782a74cf923422e3a56226',	'9ZGPeC8q',	'Y',	'N',	13,	0,	1,	'2018-03-27 05:33:07',	1,	'2018-03-27 05:33:07'),
(26,	4,	's2',	'member1',	's2_m1',	'raza@stzsoft.com',	'9930305024',	'0000-00-00',	'lion_s2.jpeg',	'5',	'0572edfc343984555e72e11042d9f52b',	'RkEAkxDP',	'Y',	'N',	8,	0,	1,	'2018-03-27 05:43:34',	1,	'2018-03-31 05:44:04'),
(27,	0,	'K1',	'Admin',	'kalyan',	'',	'',	'0000-00-00',	'',	'',	'3acde79c51f73d62d178a106b2806866',	'SZYzuPsk',	'Y',	'N',	14,	0,	1,	'2018-03-30 06:58:50',	1,	'2018-03-30 06:58:50'),
(29,	4,	's2',	'm2',	's2_m2',	'raza@stzsoft.com',	'9930305024',	'0000-00-00',	'lion_s2.jpeg',	'5',	'db3b4166df3cfa13f52d92b687481d6e',	'7IazEdDE',	'Y',	'N',	8,	28,	25,	'2018-03-27 05:58:19',	25,	'2018-03-31 05:44:04'),
(40,	2,	'bdsserv',	'Admin',	'BDSSERV',	'',	'',	'0000-00-00',	'',	'',	'9ffa29eee8828157eb35f167b635c108',	'n8ZMMkcm',	'Y',	'N',	17,	0,	1,	'2018-03-27 12:33:06',	1,	'2018-03-27 12:33:06'),
(41,	2,	'society5',	'Admin',	's5_m1',	'',	'',	'0000-00-00',	'',	'',	'b5f01ef3e4c3a8ee06b197e80458040a',	'uP9ZteMB',	'Y',	'N',	18,	0,	1,	'2018-03-27 14:33:30',	1,	'2018-03-27 14:33:30'),
(62,	4,	'vrinda',	'khairnar',	'vrinda',	'vrinda@stzsoft.com',	'9665207883',	'2018-03-22',	'',	'5',	'f62236ffcde0f32568eac0a491c9474d',	'werwer23ds',	'Y',	'N',	2,	2,	5,	NULL,	NULL,	'2018-03-29 07:20:25'),
(63,	2,	's8',	'Admin',	's8_m1',	'',	'',	'0000-00-00',	'',	'',	'd797ea99a2c853a00907d88b88fd7c8c',	'DkTIOoUz',	'Y',	'N',	21,	0,	1,	'2018-03-29 08:33:10',	1,	'2018-03-29 08:33:10'),
(64,	4,	's8',	'm2',	's8_m2',	'raza@stzsoft.com',	'9930305024',	'0000-00-00',	'_s8.',	'5',	'8e8a9cbfa3da2aaab49deb3e6fff30f1',	'cdQagBBs',	'Y',	'N',	21,	53,	63,	'2018-03-29 09:37:13',	63,	'2018-03-29 09:37:13'),
(65,	4,	'varsha',	'patil',	'varsha',	'bhavesh@fstech.com',	'9878765676',	'0000-00-00',	'_varsha.',	'2',	'fdd892f3129689637150ffbe7d723a4c',	'R6xABMmj',	'Y',	'N',	2,	39,	5,	'2018-03-29 10:35:48',	5,	'2018-03-29 10:35:48'),
(68,	4,	'k_user',	'k_user',	'k_user',	'jayvant@stzsoft.com',	'123123123',	'0000-00-00',	'_k_user.',	'2',	'3799a976e53be98c6520c2450f42cbd0',	'Ak8kKxPP',	'N',	'Y',	1,	52,	2,	'2018-03-30 07:18:39',	2,	'2018-03-30 11:58:11'),
(69,	2,	'Test1',	'Admin',	'test1',	'',	'',	'0000-00-00',	'',	'',	'982fb3e75c2d522553f74bd497846b28',	'8wmcqFpk',	'Y',	'N',	22,	0,	1,	'2018-03-30 06:33:55',	1,	'2018-03-30 06:33:55'),
(70,	4,	'aaa',	'aaa',	'aaaa',	'',	'',	'0000-00-00',	'_aaa.',	'0',	'88f4a5f8e4e3cfdaf9c68f4351b7dbe8',	'JLyVsXr8',	'Y',	'N',	1,	55,	2,	'2018-03-31 05:43:00',	2,	'2018-03-31 05:43:00'),
(72,	2,	'society9',	'Admin',	's9_m1',	'',	'',	'0000-00-00',	'',	'',	'9b5ba5c84f3552daac824a1194f3805d',	'8Mt4ZJEB',	'Y',	'N',	23,	0,	1,	'2018-03-31 09:33:08',	1,	'2018-03-31 09:33:08'),
(73,	4,	'',	'',	'',	'raza10495@gmail.com',	'',	'0000-00-00',	'_.',	'',	'6e3cee84343276fea000924a3b2c6b1c',	'fzZuJ6JF',	'N',	'Y',	19,	43,	1,	'2018-03-31 13:52:47',	1,	'2018-03-31 13:52:52');

DROP TABLE IF EXISTS `user_roles`;
CREATE TABLE `user_roles` (
  `id` int(11) NOT NULL AUTO_INCREMENT,
  `role_name` varchar(50) NOT NULL,
  `status` enum('Y','N') NOT NULL DEFAULT 'Y',
  `is_deleted` enum('Y','N') NOT NULL DEFAULT 'N',
  `created_date` timestamp NOT NULL DEFAULT CURRENT_TIMESTAMP ON UPDATE CURRENT_TIMESTAMP,
  PRIMARY KEY (`id`)
) ENGINE=InnoDB DEFAULT CHARSET=latin1;

INSERT INTO `user_roles` (`id`, `role_name`, `status`, `is_deleted`, `created_date`) VALUES
(1,	'Superadmin',	'Y',	'N',	'2018-02-25 18:16:43'),
(2,	'society_superuser',	'Y',	'N',	'2018-02-25 18:19:48'),
(3,	'society_admin',	'Y',	'N',	'2018-02-25 18:22:03'),
(4,	'society_member',	'Y',	'N',	'2018-02-25 18:22:40');

-- 2018-03-31 14:45:32
